signal_date,ticker,guard_state,deterioration_flags,horizon_months,outcome_end,forward_return,forward_trough_return,fold_id
2018-02-28,AAPL,VETO,MARGIN_DIRECTION|OPERATING_CASH_FLOW_DIRECTION|LEVERAGE_DIRECTION,6,2018-08-31,0.2873858374246985,-0.08870423505397107,F01
2019-05-31,AAPL,VETO,REVENUE_DIRECTION|MARGIN_DIRECTION|LEVERAGE_DIRECTION,6,2019-11-30,0.5369326821514693,-0.010109914030734246,F01
2018-02-28,DIS,PASS,OPERATING_CASH_FLOW_DIRECTION|LEVERAGE_DIRECTION,12,2019-02-28,0.11118002975142782,-0.04478482687342733,F01
2018-02-28,GE,PASS,MARGIN_DIRECTION|OPERATING_CASH_FLOW_DIRECTION,12,2019-02-28,-0.21895423241302037,-0.5156571181380214,F01
2018-02-28,SHW,PASS,LEVERAGE_DIRECTION,12,2019-02-28,0.08835053113134217,-0.08474741236239447,F01
2018-02-28,SHW,PASS,LEVERAGE_DIRECTION,6,2018-08-31,0.13926822307821496,-0.08446610063119142,F01
2018-02-28,GE,PASS,MARGIN_DIRECTION|OPERATING_CASH_FLOW_DIRECTION,6,2018-08-31,-0.07478013322563426,-0.1262607843092708,F01
2018-02-28,DIS,PASS,OPERATING_CASH_FLOW_DIRECTION|LEVERAGE_DIRECTION,6,2018-08-31,0.09461460321776483,-0.04478482687342733,F01
2018-02-28,AAPL,VETO,MARGIN_DIRECTION|OPERATING_CASH_FLOW_DIRECTION|LEVERAGE_DIRECTION,12,2019-02-28,-0.0131005776107056,-0.19302342725433042,F01
2018-03-31,WMT,VETO,MARGIN_DIRECTION|OPERATING_CASH_FLOW_DIRECTION|LEVERAGE_DIRECTION,12,2019-03-31,0.1215826458166338,-0.06801036433630436,F01
2018-03-31,WMT,VETO,MARGIN_DIRECTION|OPERATING_CASH_FLOW_DIRECTION|LEVERAGE_DIRECTION,6,2018-09-30,0.06834339347509788,-0.06801036433630436,F01
2019-03-31,WMT,PASS,OPERATING_CASH_FLOW_DIRECTION|LEVERAGE_DIRECTION,6,2019-09-30,0.22934198469367528,-0.006049527368753527,F01
2018-04-30,PEP,VETO,MARGIN_DIRECTION|OPERATING_CASH_FLOW_DIRECTION|LEVERAGE_DIRECTION,12,2019-04-30,0.3116321050390687,-0.04735492895161586,F01
2018-04-30,NEM,PASS,OPERATING_CASH_FLOW_DIRECTION|LEVERAGE_DIRECTION,12,2019-04-30,-0.17619942710585124,-0.24311546087023606,F01
2018-04-30,PEP,VETO,MARGIN_DIRECTION|OPERATING_CASH_FLOW_DIRECTION|LEVERAGE_DIRECTION,6,2018-10-31,0.13286740755470405,-0.04735492895161586,F01
2018-04-30,NEM,PASS,OPERATING_CASH_FLOW_DIRECTION|LEVERAGE_DIRECTION,6,2018-10-31,-0.20641337399043458,-0.24311546087023606,F01
2019-02-28,NEM,PASS,OPERATING_CASH_FLOW_DIRECTION|LEVERAGE_DIRECTION,6,2019-08-31,0.20806701448997011,-0.09726444848111626,F01
2018-05-31,CAT,PASS,,6,2018-11-30,-0.0957023468650472,-0.25120662776591174,F01
2019-05-31,CAT,PASS,,6,2019-11-30,0.22685973172243923,-0.046386536665835365,F01
2018-05-31,XOM,PASS,,12,2019-05-31,-0.0907965500282748,-0.17704765103168918,F01
2018-05-31,SO,PASS,LEVERAGE_DIRECTION,12,2019-05-31,0.2517713303003566,-0.04587940019121317,F01
2018-05-31,CAT,PASS,,12,2019-05-31,-0.1914067796779132,-0.25120662776591174,F01
2018-05-31,SO,PASS,LEVERAGE_DIRECTION,6,2018-11-30,0.08135760941904757,-0.04587940019121317,F01
2018-05-31,XOM,PASS,,6,2018-11-30,-0.001302033020299076,-0.051676585225763794,F01
2019-05-31,XOM,VETO,REVENUE_DIRECTION|MARGIN_DIRECTION|LEVERAGE_DIRECTION,6,2019-11-30,-0.013579674336009817,-0.04579142654089852,F01
2018-08-31,DUK,VETO,REVENUE_DIRECTION|MARGIN_DIRECTION|OPERATING_CASH_FLOW_DIRECTION|LEVERAGE_DIRECTION,6,2019-02-28,0.12730059796486426,-0.03877432199980779,F01
2019-05-31,DUK,PASS,LEVERAGE_DIRECTION,6,2019-11-30,0.05221114606986421,0.00035042765147830224,F01
2018-08-31,PG,PASS,MARGIN_DIRECTION|LEVERAGE_DIRECTION,12,2019-08-31,0.4938160492976391,-0.049186318726000766,F01
2018-08-31,PG,PASS,MARGIN_DIRECTION|LEVERAGE_DIRECTION,6,2019-02-28,0.20804305391135047,-0.049186318726000766,F01
2018-08-31,MRK,VETO,MARGIN_DIRECTION|OPERATING_CASH_FLOW_DIRECTION|LEVERAGE_DIRECTION,12,2019-08-31,0.2954472139980202,-0.00933074622310115,F01
2018-08-31,MRK,VETO,MARGIN_DIRECTION|OPERATING_CASH_FLOW_DIRECTION|LEVERAGE_DIRECTION,6,2019-02-28,0.20160921567673928,-0.00933074622310115,F01
2018-08-31,DUK,VETO,REVENUE_DIRECTION|MARGIN_DIRECTION|OPERATING_CASH_FLOW_DIRECTION|LEVERAGE_DIRECTION,12,2019-08-31,0.1913037954236778,-0.03877432199980779,F01
2018-10-31,KO,VETO,REVENUE_DIRECTION|OPERATING_CASH_FLOW_DIRECTION|LEVERAGE_DIRECTION,6,2019-04-30,0.04176298364367215,-0.05924432509876454,F01
2018-10-31,KO,VETO,REVENUE_DIRECTION|OPERATING_CASH_FLOW_DIRECTION|LEVERAGE_DIRECTION,12,2019-10-31,0.17333087487613175,-0.05924432509876454,F01
2018-11-30,TSLA,PASS,OPERATING_CASH_FLOW_DIRECTION|LEVERAGE_DIRECTION,6,2019-05-31,-0.4716959709433739,-0.4716959709433739,F01
2018-11-30,TSLA,PASS,OPERATING_CASH_FLOW_DIRECTION|LEVERAGE_DIRECTION,12,2019-11-30,-0.05860533796719303,-0.4893574894036308,F01
2019-02-28,MCD,PASS,REVENUE_DIRECTION|LEVERAGE_DIRECTION,6,2019-08-31,0.19889977978840756,-0.02360780898410164,F01
2019-02-28,FCX,VETO,REVENUE_DIRECTION|MARGIN_DIRECTION|OPERATING_CASH_FLOW_DIRECTION,6,2019-08-31,-0.2816949279568376,-0.3192124967944694,F01
2019-03-31,LIN,PASS,,6,2019-09-30,0.1115808781606078,-0.014664709617513316,F01
2019-04-30,NEE,PASS,MARGIN_DIRECTION|LEVERAGE_DIRECTION,6,2019-10-31,0.24044905877191924,-0.03373774280691022,F01
2019-04-30,BA,VETO,REVENUE_DIRECTION|MARGIN_DIRECTION|LEVERAGE_DIRECTION,6,2019-10-31,-0.08921059821797905,-0.14143404142584848,F01
2019-05-31,ABBV,VETO,REVENUE_DIRECTION|MARGIN_DIRECTION|LEVERAGE_DIRECTION,6,2019-11-30,0.1780277944107458,-0.16646649132863456,F01
2019-06-30,ORCL,VETO,REVENUE_DIRECTION|OPERATING_CASH_FLOW_DIRECTION|LEVERAGE_DIRECTION,6,2019-12-31,-0.062107790609312596,-0.09094611404919728,F01
2020-02-29,CVX,VETO,REVENUE_DIRECTION|MARGIN_DIRECTION|OPERATING_CASH_FLOW_DIRECTION|LEVERAGE_DIRECTION,12,2021-02-28,0.13479592186665235,-0.41911297853757257,F02
2020-02-29,FCX,PASS,MARGIN_DIRECTION|OPERATING_CASH_FLOW_DIRECTION,12,2021-02-28,2.4046172753154926,-0.4668675536931899,F02
2020-02-29,GE,PASS,REVENUE_DIRECTION|LEVERAGE_DIRECTION,12,2021-02-28,0.15842246864246867,-0.4949032556245516,F02
2020-02-29,TSLA,PASS,MARGIN_DIRECTION,12,2021-02-28,4.056213692487224,-0.45924338853713675,F02
2020-02-29,UNP,VETO,REVENUE_DIRECTION|MARGIN_DIRECTION|OPERATING_CASH_FLOW_DIRECTION|LEVERAGE_DIRECTION,12,2021-02-28,0.3146744712880094,-0.2864025139162446,F02
2020-02-29,UNP,VETO,REVENUE_DIRECTION|MARGIN_DIRECTION|OPERATING_CASH_FLOW_DIRECTION|LEVERAGE_DIRECTION,6,2020-08-31,0.21700787729886972,-0.2864025139162446,F02
2021-07-31,UNP,PASS,OPERATING_CASH_FLOW_DIRECTION|LEVERAGE_DIRECTION,6,2022-01-31,0.1286827648450315,-0.09964443733224437,F02
2020-02-29,TSLA,PASS,MARGIN_DIRECTION,6,2020-08-31,2.7299962458456264,-0.45924338853713675,F02
2020-02-29,GE,PASS,REVENUE_DIRECTION|LEVERAGE_DIRECTION,6,2020-08-31,-0.415826153739946,-0.4949032556245516,F02
2020-10-31,GE,PASS,REVENUE_DIRECTION,6,2021-04-30,0.7711262260094571,0.013476924114047772,F02
2021-07-31,GE,PASS,OPERATING_CASH_FLOW_DIRECTION,6,2022-01-31,-0.08652250774474601,-0.13641202956543586,F02
2020-02-29,CVX,VETO,REVENUE_DIRECTION|MARGIN_DIRECTION|OPERATING_CASH_FLOW_DIRECTION|LEVERAGE_DIRECTION,6,2020-08-31,-0.07445976025760503,-0.41911297853757257,F02
2020-02-29,FCX,PASS,MARGIN_DIRECTION|OPERATING_CASH_FLOW_DIRECTION,6,2020-08-31,0.5672688814259863,-0.4668675536931899,F02
2020-11-30,FCX,PASS,OPERATING_CASH_FLOW_DIRECTION|LEVERAGE_DIRECTION,6,2021-05-31,0.8304919657169756,0.010688386589578824,F02
2020-04-30,AAPL,VETO,MARGIN_DIRECTION|OPERATING_CASH_FLOW_DIRECTION|LEVERAGE_DIRECTION,12,2021-04-30,0.8036626367585897,-0.016099484928776664,F02
2020-04-30,AAPL,VETO,MARGIN_DIRECTION|OPERATING_CASH_FLOW_DIRECTION|LEVERAGE_DIRECTION,6,2020-10-31,0.488787996880651,-0.016099484928776664,F02
2020-04-30,SO,VETO,REVENUE_DIRECTION|MARGIN_DIRECTION|OPERATING_CASH_FLOW_DIRECTION|LEVERAGE_DIRECTION,6,2020-10-31,0.03673118433722378,-0.09179854710540947,F02
2021-02-28,SO,PASS,REVENUE_DIRECTION|LEVERAGE_DIRECTION,6,2021-08-31,0.18247994576840454,0.01216513362185756,F02
2020-04-30,SO,VETO,REVENUE_DIRECTION|MARGIN_DIRECTION|OPERATING_CASH_FLOW_DIRECTION|LEVERAGE_DIRECTION,12,2021-04-30,0.21897278819724875,-0.09179854710540947,F02
2020-05-31,CAT,VETO,REVENUE_DIRECTION|MARGIN_DIRECTION|LEVERAGE_DIRECTION,12,2021-05-31,1.0542725892905382,0.003079891574675697,F02
2020-05-31,COP,VETO,REVENUE_DIRECTION|MARGIN_DIRECTION|OPERATING_CASH_FLOW_DIRECTION,12,2021-05-31,0.3743995824462054,-0.306128741111392,F02
2020-05-31,MCD,VETO,REVENUE_DIRECTION|MARGIN_DIRECTION|LEVERAGE_DIRECTION,6,2020-11-30,0.18082902758126074,-0.0353156174177186,F02
2020-05-31,COP,VETO,REVENUE_DIRECTION|MARGIN_DIRECTION|OPERATING_CASH_FLOW_DIRECTION,6,2020-11-30,-0.04089634613561932,-0.306128741111392,F02
2021-05-31,COP,PASS,OPERATING_CASH_FLOW_DIRECTION,6,2021-11-30,0.27539884578002294,-0.05201030547633012,F02
2020-05-31,CAT,VETO,REVENUE_DIRECTION|MARGIN_DIRECTION|LEVERAGE_DIRECTION,6,2020-11-30,0.46473196894850677,0.003079891574675697,F02
2021-05-31,CAT,PASS,OPERATING_CASH_FLOW_DIRECTION,6,2021-11-30,-0.18922793958048878,-0.21207091412372958,F02
2020-05-31,MCD,VETO,REVENUE_DIRECTION|MARGIN_DIRECTION|LEVERAGE_DIRECTION,12,2021-05-31,0.28503530977987723,-0.0353156174177186,F02
2020-07-31,LIN,VETO,REVENUE_DIRECTION|MARGIN_DIRECTION|LEVERAGE_DIRECTION,12,2021-07-31,0.2734067844372514,-0.11172115200612842,F02
2020-07-31,KO,VETO,REVENUE_DIRECTION|MARGIN_DIRECTION|LEVERAGE_DIRECTION,12,2021-07-31,0.24608284667097102,-0.01989809507023732,F02
2020-07-31,PEP,VETO,REVENUE_DIRECTION|MARGIN_DIRECTION|LEVERAGE_DIRECTION,12,2021-07-31,0.17425793322253647,-0.04841488600275856,F02
2020-07-31,MA,VETO,REVENUE_DIRECTION|MARGIN_DIRECTION|LEVERAGE_DIRECTION,12,2021-07-31,0.2569108094805943,-0.06337763301040111,F02
2020-07-31,HON,VETO,REVENUE_DIRECTION|MARGIN_DIRECTION|LEVERAGE_DIRECTION,12,2021-07-31,0.5951455757472923,-0.01365709772285506,F02
2020-07-31,HON,VETO,REVENUE_DIRECTION|MARGIN_DIRECTION|LEVERAGE_DIRECTION,6,2021-01-31,0.32152294941061665,-0.01365709772285506,F02
2021-07-31,HON,PASS,OPERATING_CASH_FLOW_DIRECTION|LEVERAGE_DIRECTION,6,2022-01-31,-0.11808700326031407,-0.13991035614252578,F02
2020-07-31,APD,VETO,REVENUE_DIRECTION|MARGIN_DIRECTION|LEVERAGE_DIRECTION,12,2021-07-31,0.035928232995370735,-0.10835269325140362,F02
2020-07-31,APD,VETO,REVENUE_DIRECTION|MARGIN_DIRECTION|LEVERAGE_DIRECTION,6,2021-01-31,-0.0604153250952667,-0.0751886064076911,F02
2020-07-31,GOOGL,VETO,REVENUE_DIRECTION|MARGIN_DIRECTION|LEVERAGE_DIRECTION,12,2021-07-31,0.8109008106405826,-0.05279750996649679,F02
2020-07-31,NKE,VETO,MARGIN_DIRECTION|OPERATING_CASH_FLOW_DIRECTION|LEVERAGE_DIRECTION,12,2021-07-31,0.7303650846351672,-0.00286846926415929,F02
2020-07-31,NKE,VETO,MARGIN_DIRECTION|OPERATING_CASH_FLOW_DIRECTION|LEVERAGE_DIRECTION,6,2021-01-31,0.3744012041523066,-0.00286846926415929,F02
2020-07-31,KO,VETO,REVENUE_DIRECTION|MARGIN_DIRECTION|LEVERAGE_DIRECTION,6,2021-01-31,0.035570960215288494,-0.01989809507023732,F02
2021-04-30,KO,PASS,MARGIN_DIRECTION|OPERATING_CASH_FLOW_DIRECTION,6,2021-10-31,0.06008508899917109,-0.013257417958487117,F02
2020-07-31,LIN,VETO,REVENUE_DIRECTION|MARGIN_DIRECTION|LEVERAGE_DIRECTION,6,2021-01-31,0.008701753708463045,-0.11172115200612842,F02
2021-05-31,LIN,PASS,,6,2021-11-30,0.0656734851620615,-0.05850808179892397,F02
2020-07-31,GOOGL,VETO,REVENUE_DIRECTION|MARGIN_DIRECTION|LEVERAGE_DIRECTION,6,2021-01-31,0.228105694348961,-0.05279750996649679,F02
2020-07-31,MA,VETO,REVENUE_DIRECTION|MARGIN_DIRECTION|LEVERAGE_DIRECTION,6,2021-01-31,0.027646207005780354,-0.06337763301040111,F02
2021-04-30,MA,PASS,OPERATING_CASH_FLOW_DIRECTION,6,2021-10-31,-0.11966788941963113,-0.12620115654617847,F02
2020-07-31,PEP,VETO,REVENUE_DIRECTION|MARGIN_DIRECTION|LEVERAGE_DIRECTION,6,2021-01-31,0.006334102720027657,-0.04153729838642961,F02
2020-08-31,DUK,VETO,REVENUE_DIRECTION|MARGIN_DIRECTION|LEVERAGE_DIRECTION,12,2021-08-31,0.3547047882447565,-0.014065386901085941,F02
2020-08-31,DUK,VETO,REVENUE_DIRECTION|MARGIN_DIRECTION|LEVERAGE_DIRECTION,6,2021-02-28,0.08721514377434536,-0.014065386901085941,F02
2020-09-30,ORCL,PASS,OPERATING_CASH_FLOW_DIRECTION|LEVERAGE_DIRECTION,6,2021-03-31,0.18465195919317035,-0.06507364284045825,F02
2020-09-30,ORCL,PASS,OPERATING_CASH_FLOW_DIRECTION|LEVERAGE_DIRECTION,12,2021-09-30,0.48279537188840704,-0.06507364284045825,F02
2020-11-30,EOG,VETO,REVENUE_DIRECTION|MARGIN_DIRECTION|LEVERAGE_DIRECTION,6,2021-05-31,0.7340934881369934,-0.007465748337343259,F02
2020-11-30,EOG,VETO,REVENUE_DIRECTION|MARGIN_DIRECTION|LEVERAGE_DIRECTION,12,2021-11-30,0.9205300964708494,-0.007465748337343259,F02
2021-04-30,BA,PASS,REVENUE_DIRECTION|LEVERAGE_DIRECTION,6,2021-10-31,-0.11642695181351503,-0.11821944126894568,F02
2021-05-31,MRK,VETO,MARGIN_DIRECTION|OPERATING_CASH_FLOW_DIRECTION|LEVERAGE_DIRECTION,6,2021-11-30,0.05270917831576116,-0.009355369494682075,F02
2021-05-31,XOM,PASS,OPERATING_CASH_FLOW_DIRECTION|LEVERAGE_DIRECTION,6,2021-11-30,0.05468737612509522,-0.0829519115570232,F02
2021-07-31,NEE,VETO,MARGIN_DIRECTION|OPERATING_CASH_FLOW_DIRECTION|LEVERAGE_DIRECTION,6,2022-01-31,0.011874247387301695,-0.06092058143563339,F02
2021-07-31,V,PASS,MARGIN_DIRECTION|OPERATING_CASH_FLOW_DIRECTION,6,2022-01-31,-0.07919536401521543,-0.22580266488413103,F02
2021-07-31,SLB,PASS,OPERATING_CASH_FLOW_DIRECTION,6,2022-01-31,0.3669651538511476,-0.08289978273258436,F02
2022-02-28,GE,VETO,REVENUE_DIRECTION|MARGIN_DIRECTION|OPERATING_CASH_FLOW_DIRECTION,12,2023-02-28,0.14104048410912218,-0.3590421762720716,F03
2022-02-28,NEM,VETO,REVENUE_DIRECTION|MARGIN_DIRECTION|OPERATING_CASH_FLOW_DIRECTION|LEVERAGE_DIRECTION,12,2023-02-28,-0.31417144208027603,-0.4126359685248593,F03
2022-02-28,NEM,VETO,REVENUE_DIRECTION|MARGIN_DIRECTION|OPERATING_CASH_FLOW_DIRECTION|LEVERAGE_DIRECTION,6,2022-08-31,-0.3656249215415318,-0.3656249215415318,F03
2022-02-28,SHW,VETO,MARGIN_DIRECTION|OPERATING_CASH_FLOW_DIRECTION|LEVERAGE_DIRECTION,6,2022-08-31,-0.11376906753157945,-0.16597472847353756,F03
2022-10-31,SHW,PASS,OPERATING_CASH_FLOW_DIRECTION|LEVERAGE_DIRECTION,6,2023-04-30,0.061107417813590414,-0.06611477867102034,F03
2022-02-28,GE,VETO,REVENUE_DIRECTION|MARGIN_DIRECTION|OPERATING_CASH_FLOW_DIRECTION,6,2022-08-31,-0.22946580846213316,-0.3590421762720716,F03
2022-02-28,SHW,VETO,MARGIN_DIRECTION|OPERATING_CASH_FLOW_DIRECTION|LEVERAGE_DIRECTION,12,2023-02-28,-0.15040045544844827,-0.23167872811832724,F03
2022-04-30,BA,VETO,REVENUE_DIRECTION|MARGIN_DIRECTION|OPERATING_CASH_FLOW_DIRECTION,12,2023-04-30,0.3892771025283881,-0.22158019698902665,F03
2022-04-30,HON,VETO,REVENUE_DIRECTION|MARGIN_DIRECTION|OPERATING_CASH_FLOW_DIRECTION,12,2023-04-30,0.05385359903095188,-0.12839339913604209,F03
2022-04-30,HON,VETO,REVENUE_DIRECTION|MARGIN_DIRECTION|OPERATING_CASH_FLOW_DIRECTION,6,2022-10-31,0.06501288751744783,-0.12839339913604209,F03
2022-04-30,BA,VETO,REVENUE_DIRECTION|MARGIN_DIRECTION|OPERATING_CASH_FLOW_DIRECTION,6,2022-10-31,-0.042528903234056226,-0.22158019698902665,F03
2023-04-30,BA,PASS,OPERATING_CASH_FLOW_DIRECTION|LEVERAGE_DIRECTION,6,2023-10-31,-0.09652767006399654,-0.14048749041776276,F03
2022-05-31,DUK,VETO,MARGIN_DIRECTION|OPERATING_CASH_FLOW_DIRECTION|LEVERAGE_DIRECTION,6,2022-11-30,-0.0944143777079196,-0.22891696500276681,F03
2022-05-31,DUK,VETO,MARGIN_DIRECTION|OPERATING_CASH_FLOW_DIRECTION|LEVERAGE_DIRECTION,12,2023-05-31,-0.17418818843470119,-0.22891696500276681,F03
2022-05-31,HD,VETO,MARGIN_DIRECTION|OPERATING_CASH_FLOW_DIRECTION|LEVERAGE_DIRECTION,12,2023-05-31,-0.032124446544008034,-0.10812907763298407,F03
2022-05-31,HD,VETO,MARGIN_DIRECTION|OPERATING_CASH_FLOW_DIRECTION|LEVERAGE_DIRECTION,6,2022-11-30,0.0904995460398903,-0.10812907763298407,F03
2023-05-31,HD,VETO,REVENUE_DIRECTION|MARGIN_DIRECTION|OPERATING_CASH_FLOW_DIRECTION,6,2023-11-30,0.12051601960150848,-0.018432308716600065,F03
2022-06-30,WMT,VETO,MARGIN_DIRECTION|OPERATING_CASH_FLOW_DIRECTION|LEVERAGE_DIRECTION,12,2023-06-30,0.3136497282642665,0.003289818665813238,F03
2022-06-30,WMT,VETO,MARGIN_DIRECTION|OPERATING_CASH_FLOW_DIRECTION|LEVERAGE_DIRECTION,6,2022-12-31,0.17572252039141167,0.003289818665813238,F03
2023-03-31,WMT,PASS,MARGIN_DIRECTION|LEVERAGE_DIRECTION,6,2023-09-30,0.0926295156892547,-0.0056641359303357675,F03
2022-07-31,NEE,PASS,OPERATING_CASH_FLOW_DIRECTION|LEVERAGE_DIRECTION,6,2023-01-31,-0.10790878098373069,-0.1598701762276522,F03
2022-07-31,META,VETO,REVENUE_DIRECTION|MARGIN_DIRECTION|LEVERAGE_DIRECTION,12,2023-07-31,1.002514122758369,-0.4411690351738211,F03
2022-07-31,NEE,PASS,OPERATING_CASH_FLOW_DIRECTION|LEVERAGE_DIRECTION,12,2023-07-31,-0.1124875128040218,-0.1598701762276522,F03
2022-07-31,AMZN,VETO,MARGIN_DIRECTION|OPERATING_CASH_FLOW_DIRECTION|LEVERAGE_DIRECTION,6,2023-01-31,-0.2357910361685973,-0.39370135924767846,F03
2022-07-31,AMZN,VETO,MARGIN_DIRECTION|OPERATING_CASH_FLOW_DIRECTION|LEVERAGE_DIRECTION,12,2023-07-31,-0.009410924262125642,-0.39370135924767846,F03
2022-07-31,SO,PASS,OPERATING_CASH_FLOW_DIRECTION|LEVERAGE_DIRECTION,12,2023-07-31,-0.021663338206520444,-0.1931126835518726,F03
2022-07-31,SO,PASS,OPERATING_CASH_FLOW_DIRECTION|LEVERAGE_DIRECTION,6,2023-01-31,-0.10263098629428857,-0.1931126835518726,F03
2022-07-31,META,VETO,REVENUE_DIRECTION|MARGIN_DIRECTION|LEVERAGE_DIRECTION,6,2023-01-31,-0.06367069436274264,-0.4411690351738211,F03
2023-07-31,META,PASS,OPERATING_CASH_FLOW_DIRECTION|LEVERAGE_DIRECTION,6,2024-01-31,0.22454508644724958,-0.1109539622946587,F03
2022-08-31,MCD,VETO,REVENUE_DIRECTION|MARGIN_DIRECTION|LEVERAGE_DIRECTION,6,2023-02-28,0.058065224014518746,-0.08538125343578717,F03
2023-05-31,MCD,PASS,OPERATING_CASH_FLOW_DIRECTION,6,2023-11-30,0.0051076909729430575,-0.12725792826697324,F03
2022-08-31,MCD,VETO,REVENUE_DIRECTION|MARGIN_DIRECTION|LEVERAGE_DIRECTION,12,2023-08-31,0.13925909065258102,-0.08538125343578717,F03
2022-09-30,ORCL,VETO,MARGIN_DIRECTION|OPERATING_CASH_FLOW_DIRECTION|LEVERAGE_DIRECTION,12,2023-09-30,0.7633502740089324,0.024562110334111154,F03
2022-09-30,ORCL,VETO,MARGIN_DIRECTION|OPERATING_CASH_FLOW_DIRECTION|LEVERAGE_DIRECTION,6,2023-03-31,0.5350889028779136,0.024562110334111154,F03
2022-10-31,PG,VETO,MARGIN_DIRECTION|OPERATING_CASH_FLOW_DIRECTION|LEVERAGE_DIRECTION,6,2023-04-30,0.17581136393986507,-0.019603451389065496,F03
2022-10-31,TMUS,VETO,REVENUE_DIRECTION|MARGIN_DIRECTION|LEVERAGE_DIRECTION,6,2023-04-30,-0.05054103184864811,-0.08300335191388808,F03
2022-10-31,TMUS,VETO,REVENUE_DIRECTION|MARGIN_DIRECTION|LEVERAGE_DIRECTION,12,2023-10-31,-0.05080496781304644,-0.16501712921557454,F03
2022-10-31,PG,VETO,MARGIN_DIRECTION|OPERATING_CASH_FLOW_DIRECTION|LEVERAGE_DIRECTION,12,2023-10-31,0.14233851452820767,-0.019603451389065496,F03
2022-11-30,APD,VETO,MARGIN_DIRECTION|OPERATING_CASH_FLOW_DIRECTION|LEVERAGE_DIRECTION,12,2023-11-30,-0.10690811275321377,-0.16002158771175468,F03
2022-11-30,APD,VETO,MARGIN_DIRECTION|OPERATING_CASH_FLOW_DIRECTION|LEVERAGE_DIRECTION,6,2023-05-31,-0.12222484550185198,-0.13484657144580559,F03
2022-11-30,NVDA,VETO,REVENUE_DIRECTION|MARGIN_DIRECTION|LEVERAGE_DIRECTION,12,2023-11-30,1.7646772100062962,-0.17059634006242053,F03
2022-11-30,NVDA,VETO,REVENUE_DIRECTION|MARGIN_DIRECTION|LEVERAGE_DIRECTION,6,2023-05-31,1.2360349880865429,-0.17059634006242053,F03
2023-02-28,FCX,VETO,REVENUE_DIRECTION|MARGIN_DIRECTION|OPERATING_CASH_FLOW_DIRECTION,6,2023-08-31,-0.018691354607017874,-0.18643922829866644,F03
2023-02-28,AAPL,VETO,REVENUE_DIRECTION|MARGIN_DIRECTION|LEVERAGE_DIRECTION,6,2023-08-31,0.2779587338713183,-0.014246146830417139,F03
2023-04-30,PEP,VETO,MARGIN_DIRECTION|OPERATING_CASH_FLOW_DIRECTION|LEVERAGE_DIRECTION,6,2023-10-31,-0.13260360036060936,-0.1602276075187018,F03
2023-04-30,JNJ,VETO,MARGIN_DIRECTION|OPERATING_CASH_FLOW_DIRECTION|LEVERAGE_DIRECTION,6,2023-10-31,-0.0803641439248276,-0.09735084796205862,F03
2023-04-30,LLY,VETO,REVENUE_DIRECTION|MARGIN_DIRECTION|OPERATING_CASH_FLOW_DIRECTION,6,2023-10-31,0.4059551315774186,0.02106809153452316,F03
2023-04-30,NKE,VETO,MARGIN_DIRECTION|OPERATING_CASH_FLOW_DIRECTION|LEVERAGE_DIRECTION,6,2023-10-31,-0.18360063273758997,-0.2896523841062639,F03
2023-04-30,GOOGL,VETO,MARGIN_DIRECTION|OPERATING_CASH_FLOW_DIRECTION|LEVERAGE_DIRECTION,6,2023-10-31,0.155953175475525,-0.02468791352667221,F03
2023-04-30,LIN,VETO,REVENUE_DIRECTION|OPERATING_CASH_FLOW_DIRECTION|LEVERAGE_DIRECTION,6,2023-10-31,0.0415764388878177,-0.042739071802105455,F03
2023-05-31,ABBV,VETO,REVENUE_DIRECTION|MARGIN_DIRECTION|LEVERAGE_DIRECTION,6,2023-11-30,0.05399810230647972,-0.03950444473525194,F03
2023-05-31,COP,VETO,REVENUE_DIRECTION|MARGIN_DIRECTION|LEVERAGE_DIRECTION,6,2023-11-30,0.18779682519226992,0.002316090782004121,F03
2024-02-29,CVX,VETO,REVENUE_DIRECTION|MARGIN_DIRECTION|OPERATING_CASH_FLOW_DIRECTION|LEVERAGE_DIRECTION,12,2025-02-28,0.08863199138414979,-0.07354091890384129,F04
2024-02-29,DUK,PASS,MARGIN_DIRECTION,12,2025-02-28,0.3289145770030557,-0.010563126682418211,F04
2024-02-29,GE,VETO,MARGIN_DIRECTION|OPERATING_CASH_FLOW_DIRECTION|LEVERAGE_DIRECTION,12,2025-02-28,0.6639500097736342,0.006182696010658129,F04
2024-02-29,HON,PASS,MARGIN_DIRECTION|LEVERAGE_DIRECTION,12,2025-02-28,0.09397107231973023,-0.04211747938506427,F04
2024-02-29,CVX,VETO,REVENUE_DIRECTION|MARGIN_DIRECTION|OPERATING_CASH_FLOW_DIRECTION|LEVERAGE_DIRECTION,6,2024-08-31,-0.005877420276771073,-0.05369348494620085,F04
2024-02-29,LIN,PASS,REVENUE_DIRECTION|LEVERAGE_DIRECTION,12,2025-02-28,0.05330976161513212,-0.06878888201524613,F04
2024-02-29,XOM,VETO,REVENUE_DIRECTION|MARGIN_DIRECTION|OPERATING_CASH_FLOW_DIRECTION,12,2025-02-28,0.10110809321853709,-0.0015307560799022735,F04
2024-02-29,HON,PASS,MARGIN_DIRECTION|LEVERAGE_DIRECTION,6,2024-08-31,0.05748726689388661,-0.04211747938506427,F04
2024-02-29,XOM,VETO,REVENUE_DIRECTION|MARGIN_DIRECTION|OPERATING_CASH_FLOW_DIRECTION,6,2024-08-31,0.14672022557936382,-0.0015307560799022735,F04
2024-11-30,XOM,VETO,REVENUE_DIRECTION|MARGIN_DIRECTION|OPERATING_CASH_FLOW_DIRECTION,6,2025-05-31,-0.11694066524312252,-0.14527090399857323,F04
2024-02-29,UNP,VETO,REVENUE_DIRECTION|MARGIN_DIRECTION|OPERATING_CASH_FLOW_DIRECTION,6,2024-08-31,0.020618913156303043,-0.12238326959067702,F04
2024-02-29,UNP,VETO,REVENUE_DIRECTION|MARGIN_DIRECTION|OPERATING_CASH_FLOW_DIRECTION,12,2025-02-28,-0.005734281658077545,-0.12238326959067702,F04
2024-02-29,LIN,PASS,REVENUE_DIRECTION|LEVERAGE_DIRECTION,6,2024-08-31,0.07215417350096387,-0.06229489533719745,F04
2024-02-29,DUK,PASS,MARGIN_DIRECTION,6,2024-08-31,0.26499661135455055,-0.010563126682418211,F04
2024-02-29,GE,VETO,MARGIN_DIRECTION|OPERATING_CASH_FLOW_DIRECTION|LEVERAGE_DIRECTION,6,2024-08-31,0.39944603047116956,0.006182696010658129,F04
2024-04-30,TSLA,VETO,REVENUE_DIRECTION|MARGIN_DIRECTION|OPERATING_CASH_FLOW_DIRECTION,12,2025-04-30,0.5395024309657515,-0.08080531261985135,F04
2024-04-30,LLY,PASS,OPERATING_CASH_FLOW_DIRECTION|LEVERAGE_DIRECTION,12,2025-04-30,0.15835428085502445,-0.07106164918370561,F04
2024-04-30,NEM,PASS,MARGIN_DIRECTION|OPERATING_CASH_FLOW_DIRECTION,6,2024-10-31,0.1302985177675453,-0.0014761801456245616,F04
2024-04-30,TSLA,VETO,REVENUE_DIRECTION|MARGIN_DIRECTION|OPERATING_CASH_FLOW_DIRECTION,6,2024-10-31,0.3632147955906688,-0.08080531261985135,F04
2024-04-30,NEM,PASS,MARGIN_DIRECTION|OPERATING_CASH_FLOW_DIRECTION,12,2025-04-30,0.32601616193184624,-0.07416399031122856,F04
2024-04-30,LLY,PASS,OPERATING_CASH_FLOW_DIRECTION|LEVERAGE_DIRECTION,6,2024-10-31,0.06556854280530056,-0.05905780028555119,F04
2024-05-31,SO,PASS,LEVERAGE_DIRECTION,6,2024-11-30,0.13067964208274052,-0.03918148028025881,F04
2024-05-31,ABBV,PASS,OPERATING_CASH_FLOW_DIRECTION|LEVERAGE_DIRECTION,12,2025-05-31,0.19617279172523028,-0.006512113941812059,F04
2024-05-31,HD,PASS,REVENUE_DIRECTION|MARGIN_DIRECTION,12,2025-05-31,0.1193654925819807,-0.023411975955235698,F04
2024-05-31,ABBV,PASS,OPERATING_CASH_FLOW_DIRECTION|LEVERAGE_DIRECTION,6,2024-11-30,0.15408484388343524,-0.006512113941812059,F04
2024-05-31,HD,PASS,REVENUE_DIRECTION|MARGIN_DIRECTION,6,2024-11-30,0.2960552305920514,-0.023411975955235698,F04
2024-05-31,SO,PASS,LEVERAGE_DIRECTION,12,2025-05-31,0.1610886681970276,-0.03918148028025881,F04
2024-07-31,BA,VETO,REVENUE_DIRECTION|MARGIN_DIRECTION|LEVERAGE_DIRECTION,12,2025-07-31,0.1639034060870368,-0.28336835294571383,F04
2024-07-31,BA,VETO,REVENUE_DIRECTION|MARGIN_DIRECTION|LEVERAGE_DIRECTION,6,2025-01-31,-0.07387199029056057,-0.27523612288069077,F04
2025-04-30,BA,PASS,OPERATING_CASH_FLOW_DIRECTION,6,2025-10-31,0.09703120643051943,-0.0019100965372979006,F04
2024-07-31,NEE,VETO,REVENUE_DIRECTION|MARGIN_DIRECTION|LEVERAGE_DIRECTION,12,2025-07-31,-0.04201866100270757,-0.14265104167635512,F04
2024-07-31,NEE,VETO,REVENUE_DIRECTION|MARGIN_DIRECTION|LEVERAGE_DIRECTION,6,2025-01-31,-0.05084233640566038,-0.11185580706011256,F04
2024-08-31,CAT,VETO,REVENUE_DIRECTION|MARGIN_DIRECTION|LEVERAGE_DIRECTION,12,2025-08-31,0.19537559130975835,-0.22512751024521438,F04
2024-08-31,CAT,VETO,REVENUE_DIRECTION|MARGIN_DIRECTION|LEVERAGE_DIRECTION,6,2025-02-28,-0.027095646524725514,-0.07509125457148957,F04
2024-10-31,KO,VETO,REVENUE_DIRECTION|MARGIN_DIRECTION|LEVERAGE_DIRECTION,6,2025-04-30,0.12754136211345046,-0.06183999248661154,F04
2025-07-31,KO,PASS,OPERATING_CASH_FLOW_DIRECTION,6,2026-01-31,0.1181797087697447,-0.025281490303317056,F04
2024-10-31,KO,VETO,REVENUE_DIRECTION|MARGIN_DIRECTION|LEVERAGE_DIRECTION,12,2025-10-31,0.08669868919318158,-0.06183999248661154,F04
2024-10-31,NKE,VETO,REVENUE_DIRECTION|MARGIN_DIRECTION|LEVERAGE_DIRECTION,6,2025-04-30,-0.26131474078148165,-0.3023091862410139,F04
2024-10-31,NKE,VETO,REVENUE_DIRECTION|MARGIN_DIRECTION|LEVERAGE_DIRECTION,12,2025-10-31,-0.14400099583448045,-0.3023091862410139,F04
2024-11-30,MRK,VETO,MARGIN_DIRECTION|OPERATING_CASH_FLOW_DIRECTION|LEVERAGE_DIRECTION,12,2025-11-30,0.06958404344942126,-0.26507374551191176,F04
2024-11-30,MRK,VETO,MARGIN_DIRECTION|OPERATING_CASH_FLOW_DIRECTION|LEVERAGE_DIRECTION,6,2025-05-31,-0.23136336701069637,-0.26507374551191176,F04
2025-01-31,V,VETO,MARGIN_DIRECTION|OPERATING_CASH_FLOW_DIRECTION|LEVERAGE_DIRECTION,6,2025-07-31,0.014119387460724608,-0.09658077777038021,F04
2025-01-31,V,VETO,MARGIN_DIRECTION|OPERATING_CASH_FLOW_DIRECTION|LEVERAGE_DIRECTION,12,2026-01-31,-0.05173843178917403,-0.09658077777038021,F04
2025-02-28,UNH,VETO,MARGIN_DIRECTION|OPERATING_CASH_FLOW_DIRECTION|LEVERAGE_DIRECTION,6,2025-08-31,-0.34014781956337015,-0.49368101029022793,F04
2025-02-28,PEP,VETO,REVENUE_DIRECTION|MARGIN_DIRECTION|OPERATING_CASH_FLOW_DIRECTION|LEVERAGE_DIRECTION,6,2025-08-31,-0.012121163793185286,-0.1556284978296948,F04
2025-02-28,EOG,VETO,REVENUE_DIRECTION|MARGIN_DIRECTION|LEVERAGE_DIRECTION,6,2025-08-31,0.0005121280171755949,-0.17590983845283847,F04
2025-02-28,COP,PASS,REVENUE_DIRECTION|MARGIN_DIRECTION,6,2025-08-31,0.014984476403842262,-0.16631368267006552,F04
2025-04-30,SLB,VETO,REVENUE_DIRECTION|MARGIN_DIRECTION|OPERATING_CASH_FLOW_DIRECTION|LEVERAGE_DIRECTION,6,2025-10-31,0.10240083917964848,-0.030278742406255943,F04
2025-05-31,APD,VETO,REVENUE_DIRECTION|MARGIN_DIRECTION|LEVERAGE_DIRECTION,6,2025-11-30,-0.05183397055508521,-0.13715265309103908,F04
