ticker,source_ticker,company,cik,gics_sector,sector_etf,price_rows,price_start,price_end,eligible,rejection_reasons
A,A,Agilent Technologies,1090872,Health Care,XLV,3655,2012-01-03,2026-07-17,True,
AAPL,AAPL,Apple Inc.,320193,Information Technology,XLK,0,,,False,ORIGINAL_51_OVERLAP|PRICE_NOT_COLLECTED
ABBV,ABBV,AbbVie,1551152,Health Care,XLV,0,,,False,ORIGINAL_51_OVERLAP|PRICE_NOT_COLLECTED
ABNB,ABNB,Airbnb,1559720,Consumer Discretionary,XLY,1405,2020-12-10,2026-07-17,False,INSUFFICIENT_SESSIONS|HISTORY_START_TOO_LATE
ABT,ABT,Abbott Laboratories,1800,Health Care,XLV,3655,2012-01-03,2026-07-17,True,
ACGL,ACGL,Arch Capital Group,947484,Financials,XLF,3655,2012-01-03,2026-07-17,True,
ACN,ACN,Accenture,1467373,Information Technology,XLK,3655,2012-01-03,2026-07-17,True,
ADBE,ADBE,Adobe Inc.,796343,Information Technology,XLK,3655,2012-01-03,2026-07-17,True,
ADI,ADI,Analog Devices,6281,Information Technology,XLK,3655,2012-01-03,2026-07-17,True,
ADM,ADM,Archer Daniels Midland,7084,Consumer Staples,XLP,3655,2012-01-03,2026-07-17,True,
ADP,ADP,Automatic Data Processing,8670,Industrials,XLI,3655,2012-01-03,2026-07-17,True,
ADSK,ADSK,Autodesk,769397,Information Technology,XLK,3655,2012-01-03,2026-07-17,True,
AEE,AEE,Ameren,1002910,Utilities,XLU,3655,2012-01-03,2026-07-17,True,
AEP,AEP,American Electric Power,4904,Utilities,XLU,3655,2012-01-03,2026-07-17,True,
AES,AES,AES Corporation,874761,Utilities,XLU,3655,2012-01-03,2026-07-17,True,
AFL,AFL,Aflac,4977,Financials,XLF,3655,2012-01-03,2026-07-17,True,
AIG,AIG,American International Group,5272,Financials,XLF,3655,2012-01-03,2026-07-17,True,
AIZ,AIZ,Assurant,1267238,Financials,XLF,3655,2012-01-03,2026-07-17,True,
AJG,AJG,Arthur J. Gallagher & Co.,354190,Financials,XLF,3655,2012-01-03,2026-07-17,True,
AKAM,AKAM,Akamai Technologies,1086222,Information Technology,XLK,3655,2012-01-03,2026-07-17,True,
ALB,ALB,Albemarle Corporation,915913,Materials,XLB,3655,2012-01-03,2026-07-17,True,
ALGN,ALGN,Align Technology,1097149,Health Care,XLV,3655,2012-01-03,2026-07-17,True,
ALL,ALL,Allstate,899051,Financials,XLF,3655,2012-01-03,2026-07-17,True,
ALLE,ALLE,Allegion,1579241,Industrials,XLI,3183,2013-11-18,2026-07-17,False,HISTORY_START_TOO_LATE
AMAT,AMAT,Applied Materials,6951,Information Technology,XLK,3655,2012-01-03,2026-07-17,True,
AMCR,AMCR,Amcor,1748790,Materials,XLB,3563,2012-05-15,2026-07-17,False,HISTORY_START_TOO_LATE
AMD,AMD,Advanced Micro Devices,2488,Information Technology,XLK,3655,2012-01-03,2026-07-17,True,
AME,AME,Ametek,1037868,Industrials,XLI,3655,2012-01-03,2026-07-17,True,
AMGN,AMGN,Amgen,318154,Health Care,XLV,3655,2012-01-03,2026-07-17,True,
AMP,AMP,Ameriprise Financial,820027,Financials,XLF,3655,2012-01-03,2026-07-17,True,
AMT,AMT,American Tower,1053507,Real Estate,XLRE,0,,,False,ORIGINAL_51_OVERLAP|PRICE_NOT_COLLECTED
AMZN,AMZN,Amazon,1018724,Consumer Discretionary,XLY,0,,,False,ORIGINAL_51_OVERLAP|PRICE_NOT_COLLECTED
ANET,ANET,Arista Networks,1596532,Information Technology,XLK,3046,2014-06-06,2026-07-17,False,HISTORY_START_TOO_LATE
AON,AON,Aon plc,315293,Financials,XLF,3655,2012-01-03,2026-07-17,True,
AOS,AOS,A. O. Smith,91142,Industrials,XLI,3655,2012-01-03,2026-07-17,True,
APA,APA,APA Corporation,1841666,Energy,XLE,3655,2012-01-03,2026-07-17,True,
APD,APD,Air Products,2969,Materials,XLB,0,,,False,ORIGINAL_51_OVERLAP|PRICE_NOT_COLLECTED
APH,APH,Amphenol,820313,Information Technology,XLK,3655,2012-01-03,2026-07-17,True,
APO,APO,Apollo Global Management,1858681,Financials,XLF,3655,2012-01-03,2026-07-17,True,
APP,APP,AppLovin,1751008,Information Technology,XLK,1320,2021-04-15,2026-07-17,False,INSUFFICIENT_SESSIONS|HISTORY_START_TOO_LATE
APTV,APTV,Aptiv,1521332,Consumer Discretionary,XLY,3655,2012-01-03,2026-07-17,True,
ARE,ARE,Alexandria Real Estate Equities,1035443,Real Estate,XLRE,3655,2012-01-03,2026-07-17,True,
ARES,ARES,Ares Management,1176948,Financials,XLF,3070,2014-05-02,2026-07-17,False,HISTORY_START_TOO_LATE
ATO,ATO,Atmos Energy,731802,Utilities,XLU,3655,2012-01-03,2026-07-17,True,
AVB,AVB,AvalonBay Communities,915912,Real Estate,XLRE,3655,2012-01-03,2026-07-17,True,
AVGO,AVGO,Broadcom,1730168,Information Technology,XLK,0,,,False,ORIGINAL_51_OVERLAP|PRICE_NOT_COLLECTED
AVY,AVY,Avery Dennison,8818,Materials,XLB,3655,2012-01-03,2026-07-17,True,
AWK,AWK,American Water Works,1410636,Utilities,XLU,3655,2012-01-03,2026-07-17,True,
AXON,AXON,Axon Enterprise,1069183,Industrials,XLI,3655,2012-01-03,2026-07-17,True,
AXP,AXP,American Express,4962,Financials,XLF,3655,2012-01-03,2026-07-17,True,
AZO,AZO,AutoZone,866787,Consumer Discretionary,XLY,3655,2012-01-03,2026-07-17,True,
BA,BA,Boeing,12927,Industrials,XLI,0,,,False,ORIGINAL_51_OVERLAP|PRICE_NOT_COLLECTED
BAC,BAC,Bank of America,70858,Financials,XLF,0,,,False,ORIGINAL_51_OVERLAP|PRICE_NOT_COLLECTED
BALL,BALL,Ball Corporation,9389,Materials,XLB,3655,2012-01-03,2026-07-17,True,
BAX,BAX,Baxter International,10456,Health Care,XLV,3655,2012-01-03,2026-07-17,True,
BBY,BBY,Best Buy,764478,Consumer Discretionary,XLY,3655,2012-01-03,2026-07-17,True,
BDX,BDX,Becton Dickinson,10795,Health Care,XLV,3655,2012-01-03,2026-07-17,True,
BEN,BEN,Franklin Resources,38777,Financials,XLF,3655,2012-01-03,2026-07-17,True,
BF-B,BF.B,Brown–Forman,14693,Consumer Staples,XLP,3655,2012-01-03,2026-07-17,True,
BG,BG,Bunge Global,1996862,Consumer Staples,XLP,3655,2012-01-03,2026-07-17,True,
BIIB,BIIB,Biogen,875045,Health Care,XLV,3655,2012-01-03,2026-07-17,True,
BKNG,BKNG,Booking Holdings,1075531,Consumer Discretionary,XLY,3655,2012-01-03,2026-07-17,True,
BKR,BKR,Baker Hughes,1701605,Energy,XLE,3655,2012-01-03,2026-07-17,True,
BLDR,BLDR,Builders FirstSource,1316835,Industrials,XLI,3655,2012-01-03,2026-07-17,True,
BLK,BLK,BlackRock,2012383,Financials,XLF,3655,2012-01-03,2026-07-17,True,
BMY,BMY,Bristol Myers Squibb,14272,Health Care,XLV,3655,2012-01-03,2026-07-17,True,
BNY,BNY,BNY Mellon,1390777,Financials,XLF,3655,2012-01-03,2026-07-17,True,
BR,BR,Broadridge Financial Solutions,1383312,Industrials,XLI,3655,2012-01-03,2026-07-17,True,
BRK-B,BRK.B,Berkshire Hathaway,1067983,Financials,XLF,3655,2012-01-03,2026-07-17,True,
BRO,BRO,Brown & Brown,79282,Financials,XLF,3655,2012-01-03,2026-07-17,True,
BSX,BSX,Boston Scientific,885725,Health Care,XLV,3655,2012-01-03,2026-07-17,True,
BX,BX,Blackstone Inc.,1393818,Financials,XLF,3655,2012-01-03,2026-07-17,True,
BXP,BXP,"BXP, Inc.",1037540,Real Estate,XLRE,3655,2012-01-03,2026-07-17,True,
C,C,Citigroup,831001,Financials,XLF,3655,2012-01-03,2026-07-17,True,
CAH,CAH,Cardinal Health,721371,Health Care,XLV,3655,2012-01-03,2026-07-17,True,
CARR,CARR,Carrier Global,1783180,Industrials,XLI,1590,2020-03-19,2026-07-17,False,INSUFFICIENT_SESSIONS|HISTORY_START_TOO_LATE
CASY,CASY,Casey's,726958,Consumer Staples,XLP,3655,2012-01-03,2026-07-17,True,
CAT,CAT,Caterpillar Inc.,18230,Industrials,XLI,0,,,False,ORIGINAL_51_OVERLAP|PRICE_NOT_COLLECTED
CB,CB,Chubb Limited,896159,Financials,XLF,3655,2012-01-03,2026-07-17,True,
CBOE,CBOE,Cboe Global Markets,1374310,Financials,XLF,3655,2012-01-03,2026-07-17,True,
CBRE,CBRE,CBRE Group,1138118,Real Estate,XLRE,3655,2012-01-03,2026-07-17,True,
CCI,CCI,Crown Castle,1051470,Real Estate,XLRE,3655,2012-01-03,2026-07-17,True,
CCL,CCL,Carnival Corporation,815097,Consumer Discretionary,XLY,3655,2012-01-03,2026-07-17,True,
CDNS,CDNS,Cadence Design Systems,813672,Information Technology,XLK,3655,2012-01-03,2026-07-17,True,
CDW,CDW,CDW Corporation,1402057,Information Technology,XLK,3283,2013-06-27,2026-07-17,False,HISTORY_START_TOO_LATE
CEG,CEG,Constellation Energy,1868275,Utilities,XLU,1127,2022-01-19,2026-07-17,False,INSUFFICIENT_SESSIONS|HISTORY_START_TOO_LATE
CF,CF,CF Industries,1324404,Materials,XLB,3655,2012-01-03,2026-07-17,True,
CFG,CFG,Citizens Financial Group,759944,Financials,XLF,2970,2014-09-24,2026-07-17,False,INSUFFICIENT_SESSIONS|HISTORY_START_TOO_LATE
CHD,CHD,Church & Dwight,313927,Consumer Staples,XLP,3655,2012-01-03,2026-07-17,True,
CHRW,CHRW,C.H. Robinson,1043277,Industrials,XLI,3655,2012-01-03,2026-07-17,True,
CHTR,CHTR,Charter Communications,1091667,Communication Services,XLC,3655,2012-01-03,2026-07-17,True,
CI,CI,Cigna,1739940,Health Care,XLV,3655,2012-01-03,2026-07-17,True,
CIEN,CIEN,Ciena,936395,Information Technology,XLK,3655,2012-01-03,2026-07-17,True,
CINF,CINF,Cincinnati Financial,20286,Financials,XLF,3655,2012-01-03,2026-07-17,True,
CL,CL,Colgate-Palmolive,21665,Consumer Staples,XLP,3655,2012-01-03,2026-07-17,True,
CLX,CLX,Clorox,21076,Consumer Staples,XLP,3655,2012-01-03,2026-07-17,True,
CMCSA,CMCSA,Comcast,1166691,Communication Services,XLC,3655,2012-01-03,2026-07-17,True,
CME,CME,CME Group,1156375,Financials,XLF,3655,2012-01-03,2026-07-17,True,
CMG,CMG,Chipotle Mexican Grill,1058090,Consumer Discretionary,XLY,3655,2012-01-03,2026-07-17,True,
CMI,CMI,Cummins,26172,Industrials,XLI,3655,2012-01-03,2026-07-17,True,
CMS,CMS,CMS Energy,811156,Utilities,XLU,3655,2012-01-03,2026-07-17,True,
CNC,CNC,Centene Corporation,1071739,Health Care,XLV,3655,2012-01-03,2026-07-17,True,
CNP,CNP,CenterPoint Energy,1130310,Utilities,XLU,3655,2012-01-03,2026-07-17,True,
COF,COF,Capital One,927628,Financials,XLF,3655,2012-01-03,2026-07-17,True,
COHR,COHR,Coherent Corp.,820318,Information Technology,XLK,3655,2012-01-03,2026-07-17,True,
COIN,COIN,Coinbase,1679788,Financials,XLF,1321,2021-04-14,2026-07-17,False,INSUFFICIENT_SESSIONS|HISTORY_START_TOO_LATE
COO,COO,Cooper Companies (The),711404,Health Care,XLV,3655,2012-01-03,2026-07-17,True,
COP,COP,ConocoPhillips,1163165,Energy,XLE,0,,,False,ORIGINAL_51_OVERLAP|PRICE_NOT_COLLECTED
COR,COR,Cencora,1140859,Health Care,XLV,3655,2012-01-03,2026-07-17,True,
COST,COST,Costco,909832,Consumer Staples,XLP,0,,,False,ORIGINAL_51_OVERLAP|PRICE_NOT_COLLECTED
CPAY,CPAY,Corpay,1175454,Financials,XLF,3655,2012-01-03,2026-07-17,True,
CPRT,CPRT,Copart,900075,Industrials,XLI,3655,2012-01-03,2026-07-17,True,
CPT,CPT,Camden Property Trust,906345,Real Estate,XLRE,3655,2012-01-03,2026-07-17,True,
CRH,CRH,CRH plc,849395,Materials,XLB,3655,2012-01-03,2026-07-17,True,
CRL,CRL,Charles River Laboratories,1100682,Health Care,XLV,3655,2012-01-03,2026-07-17,True,
CRM,CRM,Salesforce,1108524,Information Technology,XLK,0,,,False,ORIGINAL_51_OVERLAP|PRICE_NOT_COLLECTED
CRWD,CRWD,CrowdStrike,1535527,Information Technology,XLK,1784,2019-06-12,2026-07-17,False,INSUFFICIENT_SESSIONS|HISTORY_START_TOO_LATE
CSCO,CSCO,Cisco,858877,Information Technology,XLK,3655,2012-01-03,2026-07-17,True,
CSGP,CSGP,CoStar Group,1057352,Real Estate,XLRE,3655,2012-01-03,2026-07-17,True,
CSX,CSX,CSX Corporation,277948,Industrials,XLI,3655,2012-01-03,2026-07-17,True,
CTAS,CTAS,Cintas,723254,Industrials,XLI,3655,2012-01-03,2026-07-17,True,
CTSH,CTSH,Cognizant,1058290,Information Technology,XLK,3655,2012-01-03,2026-07-17,True,
CTVA,CTVA,Corteva,1755672,Materials,XLB,1796,2019-05-24,2026-07-17,False,INSUFFICIENT_SESSIONS|HISTORY_START_TOO_LATE
CVNA,CVNA,Carvana,1690820,Consumer Discretionary,XLY,2317,2017-04-28,2026-07-17,False,INSUFFICIENT_SESSIONS|HISTORY_START_TOO_LATE
CVS,CVS,CVS Health,64803,Health Care,XLV,3655,2012-01-03,2026-07-17,True,
CVX,CVX,Chevron Corporation,93410,Energy,XLE,0,,,False,ORIGINAL_51_OVERLAP|PRICE_NOT_COLLECTED
D,D,Dominion Energy,715957,Utilities,XLU,3655,2012-01-03,2026-07-17,True,
DAL,DAL,Delta Air Lines,27904,Industrials,XLI,3655,2012-01-03,2026-07-17,True,
DASH,DASH,DoorDash,1792789,Consumer Discretionary,XLY,1406,2020-12-09,2026-07-17,False,INSUFFICIENT_SESSIONS|HISTORY_START_TOO_LATE
DD,DD,DuPont,1666700,Materials,XLB,3655,2012-01-03,2026-07-17,True,
DDOG,DDOG,Datadog,1561550,Information Technology,XLK,1715,2019-09-19,2026-07-17,False,INSUFFICIENT_SESSIONS|HISTORY_START_TOO_LATE
DE,DE,Deere & Company,315189,Industrials,XLI,3655,2012-01-03,2026-07-17,True,
DECK,DECK,Deckers Brands,910521,Consumer Discretionary,XLY,3655,2012-01-03,2026-07-17,True,
DELL,DELL,Dell Technologies,1571996,Information Technology,XLK,2492,2016-08-17,2026-07-17,False,INSUFFICIENT_SESSIONS|HISTORY_START_TOO_LATE
DG,DG,Dollar General,29534,Consumer Staples,XLP,3655,2012-01-03,2026-07-17,True,
DGX,DGX,Quest Diagnostics,1022079,Health Care,XLV,3655,2012-01-03,2026-07-17,True,
DHI,DHI,D. R. Horton,882184,Consumer Discretionary,XLY,3655,2012-01-03,2026-07-17,True,
DHR,DHR,Danaher Corporation,313616,Health Care,XLV,3655,2012-01-03,2026-07-17,True,
DIS,DIS,Walt Disney Company (The),1744489,Communication Services,XLC,0,,,False,ORIGINAL_51_OVERLAP|PRICE_NOT_COLLECTED
DLR,DLR,Digital Realty,1297996,Real Estate,XLRE,3655,2012-01-03,2026-07-17,True,
DLTR,DLTR,Dollar Tree,935703,Consumer Staples,XLP,3655,2012-01-03,2026-07-17,True,
DOC,DOC,Healthpeak Properties,765880,Real Estate,XLRE,3655,2012-01-03,2026-07-17,True,
DOV,DOV,Dover Corporation,29905,Industrials,XLI,3655,2012-01-03,2026-07-17,True,
DOW,DOW,Dow Inc.,1751788,Materials,XLB,1842,2019-03-20,2026-07-17,False,INSUFFICIENT_SESSIONS|HISTORY_START_TOO_LATE
DPZ,DPZ,Domino's,1286681,Consumer Discretionary,XLY,3655,2012-01-03,2026-07-17,True,
DRI,DRI,Darden Restaurants,940944,Consumer Discretionary,XLY,3655,2012-01-03,2026-07-17,True,
DTE,DTE,DTE Energy,936340,Utilities,XLU,3655,2012-01-03,2026-07-17,True,
DUK,DUK,Duke Energy,1326160,Utilities,XLU,0,,,False,ORIGINAL_51_OVERLAP|PRICE_NOT_COLLECTED
DVA,DVA,DaVita,927066,Health Care,XLV,3655,2012-01-03,2026-07-17,True,
DVN,DVN,Devon Energy,1090012,Energy,XLE,3655,2012-01-03,2026-07-17,True,
DXCM,DXCM,Dexcom,1093557,Health Care,XLV,3655,2012-01-03,2026-07-17,True,
EA,EA,Electronic Arts,712515,Communication Services,XLC,3655,2012-01-03,2026-07-17,True,
EBAY,EBAY,eBay Inc.,1065088,Consumer Discretionary,XLY,3655,2012-01-03,2026-07-17,True,
ECHO,ECHO,EchoStar,1415404,Communication Services,XLC,3655,2012-01-03,2026-07-17,True,
ECL,ECL,Ecolab,31462,Materials,XLB,3655,2012-01-03,2026-07-17,True,
ED,ED,Consolidated Edison,1047862,Utilities,XLU,3655,2012-01-03,2026-07-17,True,
EFX,EFX,Equifax,33185,Industrials,XLI,3655,2012-01-03,2026-07-17,True,
EG,EG,Everest Group,1095073,Financials,XLF,3655,2012-01-03,2026-07-17,True,
EIX,EIX,Edison International,827052,Utilities,XLU,3655,2012-01-03,2026-07-17,True,
EL,EL,Estée Lauder Companies (The),1001250,Consumer Staples,XLP,3655,2012-01-03,2026-07-17,True,
ELV,ELV,Elevance Health,1156039,Health Care,XLV,3655,2012-01-03,2026-07-17,True,
EME,EME,Emcor,105634,Industrials,XLI,3655,2012-01-03,2026-07-17,True,
EMR,EMR,Emerson Electric,32604,Industrials,XLI,3655,2012-01-03,2026-07-17,True,
EOG,EOG,EOG Resources,821189,Energy,XLE,0,,,False,ORIGINAL_51_OVERLAP|PRICE_NOT_COLLECTED
EQIX,EQIX,Equinix,1101239,Real Estate,XLRE,3655,2012-01-03,2026-07-17,True,
EQR,EQR,Equity Residential,906107,Real Estate,XLRE,3655,2012-01-03,2026-07-17,True,
EQT,EQT,EQT Corporation,33213,Energy,XLE,3655,2012-01-03,2026-07-17,True,
ERIE,ERIE,Erie Indemnity,922621,Financials,XLF,3655,2012-01-03,2026-07-17,True,
ES,ES,Eversource Energy,72741,Utilities,XLU,3655,2012-01-03,2026-07-17,True,
ESS,ESS,Essex Property Trust,920522,Real Estate,XLRE,3655,2012-01-03,2026-07-17,True,
ETN,ETN,Eaton Corporation,1551182,Industrials,XLI,3655,2012-01-03,2026-07-17,True,
ETR,ETR,Entergy,65984,Utilities,XLU,3655,2012-01-03,2026-07-17,True,
EVRG,EVRG,Evergy,1711269,Utilities,XLU,3655,2012-01-03,2026-07-17,True,
EW,EW,Edwards Lifesciences,1099800,Health Care,XLV,3655,2012-01-03,2026-07-17,True,
EXC,EXC,Exelon,1109357,Utilities,XLU,3655,2012-01-03,2026-07-17,True,
EXE,EXE,Expand Energy,895126,Energy,XLE,1364,2021-02-10,2026-07-17,False,INSUFFICIENT_SESSIONS|HISTORY_START_TOO_LATE
EXPD,EXPD,Expeditors International,746515,Industrials,XLI,3655,2012-01-03,2026-07-17,True,
EXPE,EXPE,Expedia Group,1324424,Consumer Discretionary,XLY,3655,2012-01-03,2026-07-17,True,
EXR,EXR,Extra Space Storage,1289490,Real Estate,XLRE,3655,2012-01-03,2026-07-17,True,
F,F,Ford Motor Company,37996,Consumer Discretionary,XLY,3655,2012-01-03,2026-07-17,True,
FANG,FANG,Diamondback Energy,1539838,Energy,XLE,3458,2012-10-12,2026-07-17,False,HISTORY_START_TOO_LATE
FAST,FAST,Fastenal,815556,Industrials,XLI,3655,2012-01-03,2026-07-17,True,
FCX,FCX,Freeport-McMoRan,831259,Materials,XLB,0,,,False,ORIGINAL_51_OVERLAP|PRICE_NOT_COLLECTED
FDS,FDS,FactSet,1013237,Financials,XLF,3655,2012-01-03,2026-07-17,True,
FDX,FDX,FedEx,1048911,Industrials,XLI,3655,2012-01-03,2026-07-17,True,
FDXF,FDXF,FedEx Freight,2082247,Industrials,XLI,36,2026-05-27,2026-07-17,False,INSUFFICIENT_SESSIONS|HISTORY_START_TOO_LATE
FE,FE,FirstEnergy,1031296,Utilities,XLU,3655,2012-01-03,2026-07-17,True,
FFIV,FFIV,"F5, Inc.",1048695,Information Technology,XLK,3655,2012-01-03,2026-07-17,True,
FICO,FICO,Fair Isaac,814547,Information Technology,XLK,3655,2012-01-03,2026-07-17,True,
FIS,FIS,Fidelity National Information Services,1136893,Financials,XLF,3655,2012-01-03,2026-07-17,True,
FISV,FISV,Fiserv,798354,Financials,XLF,3654,2012-01-03,2026-07-17,True,
FITB,FITB,Fifth Third Bancorp,35527,Financials,XLF,3655,2012-01-03,2026-07-17,True,
FIX,FIX,Comfort Systems USA,1035983,Industrials,XLI,3655,2012-01-03,2026-07-17,True,
FLEX,FLEX,Flex Ltd.,866374,Information Technology,XLK,3655,2012-01-03,2026-07-17,True,
FOX,FOX,Fox Corporation (Class B),1754301,Communication Services,XLC,1847,2019-03-13,2026-07-17,False,INSUFFICIENT_SESSIONS|HISTORY_START_TOO_LATE
FOXA,FOXA,Fox Corporation (Class A),1754301,Communication Services,XLC,1848,2019-03-12,2026-07-17,False,INSUFFICIENT_SESSIONS|HISTORY_START_TOO_LATE
FRT,FRT,Federal Realty Investment Trust,34903,Real Estate,XLRE,3655,2012-01-03,2026-07-17,True,
FSLR,FSLR,First Solar,1274494,Information Technology,XLK,3655,2012-01-03,2026-07-17,True,
FTNT,FTNT,Fortinet,1262039,Information Technology,XLK,3655,2012-01-03,2026-07-17,True,
FTV,FTV,Fortive,1659166,Industrials,XLI,2523,2016-07-05,2026-07-17,False,INSUFFICIENT_SESSIONS|HISTORY_START_TOO_LATE
GD,GD,General Dynamics,40533,Industrials,XLI,3655,2012-01-03,2026-07-17,True,
GDDY,GDDY,GoDaddy,1609711,Information Technology,XLK,2841,2015-03-31,2026-07-17,False,INSUFFICIENT_SESSIONS|HISTORY_START_TOO_LATE
GE,GE,GE Aerospace,40545,Industrials,XLI,0,,,False,ORIGINAL_51_OVERLAP|PRICE_NOT_COLLECTED
GEHC,GEHC,GE HealthCare,1932393,Health Care,XLV,898,2022-12-15,2026-07-17,False,INSUFFICIENT_SESSIONS|HISTORY_START_TOO_LATE
GEN,GEN,Gen Digital,849399,Information Technology,XLK,3655,2012-01-03,2026-07-17,True,
GEV,GEV,GE Vernova,1996810,Industrials,XLI,578,2024-03-27,2026-07-17,False,INSUFFICIENT_SESSIONS|HISTORY_START_TOO_LATE
GILD,GILD,Gilead Sciences,882095,Health Care,XLV,3655,2012-01-03,2026-07-17,True,
GIS,GIS,General Mills,40704,Consumer Staples,XLP,3655,2012-01-03,2026-07-17,True,
GL,GL,Globe Life,320335,Financials,XLF,3655,2012-01-03,2026-07-17,True,
GLW,GLW,Corning Inc.,24741,Information Technology,XLK,3655,2012-01-03,2026-07-17,True,
GM,GM,General Motors,1467858,Consumer Discretionary,XLY,3655,2012-01-03,2026-07-17,True,
GNRC,GNRC,Generac,1474735,Industrials,XLI,3655,2012-01-03,2026-07-17,True,
GOOG,GOOG,Alphabet Inc. (Class C),1652044,Communication Services,XLC,3655,2012-01-03,2026-07-17,True,
GOOGL,GOOGL,Alphabet Inc. (Class A),1652044,Communication Services,XLC,0,,,False,ORIGINAL_51_OVERLAP|PRICE_NOT_COLLECTED
GPC,GPC,Genuine Parts Company,40987,Consumer Discretionary,XLY,3655,2012-01-03,2026-07-17,True,
GPN,GPN,Global Payments,1123360,Financials,XLF,3655,2012-01-03,2026-07-17,True,
GRMN,GRMN,Garmin,1121788,Consumer Discretionary,XLY,3655,2012-01-03,2026-07-17,True,
GS,GS,Goldman Sachs,886982,Financials,XLF,0,,,False,ORIGINAL_51_OVERLAP|PRICE_NOT_COLLECTED
GWW,GWW,W. W. Grainger,277135,Industrials,XLI,3655,2012-01-03,2026-07-17,True,
HAL,HAL,Halliburton,45012,Energy,XLE,3655,2012-01-03,2026-07-17,True,
HAS,HAS,Hasbro,46080,Consumer Discretionary,XLY,3655,2012-01-03,2026-07-17,True,
HBAN,HBAN,Huntington Bancshares,49196,Financials,XLF,3655,2012-01-03,2026-07-17,True,
HCA,HCA,HCA Healthcare,860730,Health Care,XLV,3655,2012-01-03,2026-07-17,True,
HD,HD,Home Depot (The),354950,Consumer Discretionary,XLY,0,,,False,ORIGINAL_51_OVERLAP|PRICE_NOT_COLLECTED
HIG,HIG,Hartford (The),874766,Financials,XLF,3655,2012-01-03,2026-07-17,True,
HII,HII,Huntington Ingalls Industries,1501585,Industrials,XLI,3655,2012-01-03,2026-07-17,True,
HLT,HLT,Hilton Worldwide,1585689,Consumer Discretionary,XLY,3166,2013-12-12,2026-07-17,False,HISTORY_START_TOO_LATE
HON,HON,Honeywell Technologies,773840,Industrials,XLI,0,,,False,ORIGINAL_51_OVERLAP|PRICE_NOT_COLLECTED
HONA,HONA,Honeywell Aerospace,2089271,Industrials,XLI,23,2026-06-15,2026-07-17,False,INSUFFICIENT_SESSIONS|HISTORY_START_TOO_LATE
HOOD,HOOD,Robinhood Markets,1783879,Financials,XLF,1247,2021-07-29,2026-07-17,False,INSUFFICIENT_SESSIONS|HISTORY_START_TOO_LATE
HPE,HPE,Hewlett Packard Enterprise,1645590,Information Technology,XLK,2701,2015-10-19,2026-07-17,False,INSUFFICIENT_SESSIONS|HISTORY_START_TOO_LATE
HPQ,HPQ,HP Inc.,47217,Information Technology,XLK,3655,2012-01-03,2026-07-17,True,
HRL,HRL,Hormel Foods,48465,Consumer Staples,XLP,3655,2012-01-03,2026-07-17,True,
HSIC,HSIC,Henry Schein,1000228,Health Care,XLV,3655,2012-01-03,2026-07-17,True,
HST,HST,Host Hotels & Resorts,1070750,Real Estate,XLRE,3655,2012-01-03,2026-07-17,True,
HSY,HSY,Hershey Company (The),47111,Consumer Staples,XLP,3655,2012-01-03,2026-07-17,True,
HUBB,HUBB,Hubbell Incorporated,48898,Industrials,XLI,0,,,False,PRICE_NOT_COLLECTED
HUM,HUM,Humana,49071,Health Care,XLV,3655,2012-01-03,2026-07-17,True,
HWM,HWM,Howmet Aerospace,4281,Industrials,XLI,2439,2016-11-01,2026-07-17,False,INSUFFICIENT_SESSIONS|HISTORY_START_TOO_LATE
IBKR,IBKR,Interactive Brokers,1381197,Financials,XLF,3655,2012-01-03,2026-07-17,True,
IBM,IBM,IBM,51143,Information Technology,XLK,3655,2012-01-03,2026-07-17,True,
ICE,ICE,Intercontinental Exchange,1571949,Financials,XLF,3655,2012-01-03,2026-07-17,True,
IDXX,IDXX,Idexx Laboratories,874716,Health Care,XLV,3655,2012-01-03,2026-07-17,True,
IEX,IEX,IDEX Corporation,832101,Industrials,XLI,3655,2012-01-03,2026-07-17,True,
IFF,IFF,International Flavors & Fragrances,51253,Materials,XLB,3655,2012-01-03,2026-07-17,True,
INCY,INCY,Incyte,879169,Health Care,XLV,3655,2012-01-03,2026-07-17,True,
INTC,INTC,Intel,50863,Information Technology,XLK,3655,2012-01-03,2026-07-17,True,
INTU,INTU,Intuit,896878,Information Technology,XLK,3655,2012-01-03,2026-07-17,True,
INVH,INVH,Invitation Homes,1687229,Real Estate,XLRE,2377,2017-02-01,2026-07-17,False,INSUFFICIENT_SESSIONS|HISTORY_START_TOO_LATE
IP,IP,International Paper,51434,Materials,XLB,3655,2012-01-03,2026-07-17,True,
IQV,IQV,IQVIA,1478242,Health Care,XLV,3317,2013-05-09,2026-07-17,False,HISTORY_START_TOO_LATE
IR,IR,Ingersoll Rand,1699150,Industrials,XLI,2307,2017-05-12,2026-07-17,False,INSUFFICIENT_SESSIONS|HISTORY_START_TOO_LATE
IRM,IRM,Iron Mountain,1020569,Real Estate,XLRE,3655,2012-01-03,2026-07-17,True,
ISRG,ISRG,Intuitive Surgical,1035267,Health Care,XLV,3655,2012-01-03,2026-07-17,True,
IT,IT,Gartner,749251,Information Technology,XLK,3655,2012-01-03,2026-07-17,True,
ITW,ITW,Illinois Tool Works,49826,Industrials,XLI,3655,2012-01-03,2026-07-17,True,
IVZ,IVZ,Invesco,914208,Financials,XLF,3655,2012-01-03,2026-07-17,True,
J,J,Jacobs Solutions,52988,Industrials,XLI,3655,2012-01-03,2026-07-17,True,
JBHT,JBHT,J.B. Hunt,728535,Industrials,XLI,3655,2012-01-03,2026-07-17,True,
JBL,JBL,Jabil,898293,Information Technology,XLK,3655,2012-01-03,2026-07-17,True,
JCI,JCI,Johnson Controls,833444,Industrials,XLI,3655,2012-01-03,2026-07-17,True,
JKHY,JKHY,Jack Henry & Associates,779152,Financials,XLF,3655,2012-01-03,2026-07-17,True,
JNJ,JNJ,Johnson & Johnson,200406,Health Care,XLV,0,,,False,ORIGINAL_51_OVERLAP|PRICE_NOT_COLLECTED
JPM,JPM,JPMorgan Chase,19617,Financials,XLF,0,,,False,ORIGINAL_51_OVERLAP|PRICE_NOT_COLLECTED
KDP,KDP,Keurig Dr Pepper,1418135,Consumer Staples,XLP,3655,2012-01-03,2026-07-17,True,
KEY,KEY,KeyCorp,91576,Financials,XLF,3655,2012-01-03,2026-07-17,True,
KEYS,KEYS,Keysight Technologies,1601046,Information Technology,XLK,2952,2014-10-20,2026-07-17,False,INSUFFICIENT_SESSIONS|HISTORY_START_TOO_LATE
KHC,KHC,Kraft Heinz,1637459,Consumer Staples,XLP,2775,2015-07-06,2026-07-17,False,INSUFFICIENT_SESSIONS|HISTORY_START_TOO_LATE
KIM,KIM,Kimco Realty,879101,Real Estate,XLRE,3655,2012-01-03,2026-07-17,True,
KKR,KKR,KKR & Co.,1404912,Financials,XLF,3655,2012-01-03,2026-07-17,True,
KLAC,KLAC,KLA Corporation,319201,Information Technology,XLK,3655,2012-01-03,2026-07-17,True,
KMB,KMB,Kimberly-Clark,55785,Consumer Staples,XLP,3655,2012-01-03,2026-07-17,True,
KMI,KMI,Kinder Morgan,1506307,Energy,XLE,3655,2012-01-03,2026-07-17,True,
KO,KO,Coca-Cola Company (The),21344,Consumer Staples,XLP,0,,,False,ORIGINAL_51_OVERLAP|PRICE_NOT_COLLECTED
KR,KR,Kroger,56873,Consumer Staples,XLP,3655,2012-01-03,2026-07-17,True,
KVUE,KVUE,Kenvue,1944048,Consumer Staples,XLP,803,2023-05-04,2026-07-17,False,INSUFFICIENT_SESSIONS|HISTORY_START_TOO_LATE
L,L,Loews Corporation,60086,Financials,XLF,3655,2012-01-03,2026-07-17,True,
LDOS,LDOS,Leidos,1336920,Industrials,XLI,3655,2012-01-03,2026-07-17,True,
LEN,LEN,Lennar,920760,Consumer Discretionary,XLY,3655,2012-01-03,2026-07-17,True,
LH,LH,Labcorp,920148,Health Care,XLV,3655,2012-01-03,2026-07-17,True,
LHX,LHX,L3Harris,202058,Industrials,XLI,3655,2012-01-03,2026-07-17,True,
LII,LII,Lennox International,1069202,Industrials,XLI,3655,2012-01-03,2026-07-17,True,
LIN,LIN,Linde plc,1707925,Materials,XLB,0,,,False,ORIGINAL_51_OVERLAP|PRICE_NOT_COLLECTED
LITE,LITE,Lumentum,1633978,Information Technology,XLK,2762,2015-07-23,2026-07-17,False,INSUFFICIENT_SESSIONS|HISTORY_START_TOO_LATE
LLY,LLY,Lilly (Eli),59478,Health Care,XLV,0,,,False,ORIGINAL_51_OVERLAP|PRICE_NOT_COLLECTED
LMT,LMT,Lockheed Martin,936468,Industrials,XLI,3655,2012-01-03,2026-07-17,True,
LNT,LNT,Alliant Energy,352541,Utilities,XLU,3655,2012-01-03,2026-07-17,True,
LOW,LOW,Lowe's,60667,Consumer Discretionary,XLY,3655,2012-01-03,2026-07-17,True,
LRCX,LRCX,Lam Research,707549,Information Technology,XLK,3655,2012-01-03,2026-07-17,True,
LULU,LULU,Lululemon Athletica,1397187,Consumer Discretionary,XLY,3655,2012-01-03,2026-07-17,True,
LUV,LUV,Southwest Airlines,92380,Industrials,XLI,3655,2012-01-03,2026-07-17,True,
LVS,LVS,Las Vegas Sands,1300514,Consumer Discretionary,XLY,3655,2012-01-03,2026-07-17,True,
LYB,LYB,LyondellBasell,1489393,Materials,XLB,3655,2012-01-03,2026-07-17,True,
LYV,LYV,Live Nation Entertainment,1335258,Communication Services,XLC,3655,2012-01-03,2026-07-17,True,
MA,MA,Mastercard,1141391,Financials,XLF,0,,,False,ORIGINAL_51_OVERLAP|PRICE_NOT_COLLECTED
MAA,MAA,Mid-America Apartment Communities,912595,Real Estate,XLRE,3655,2012-01-03,2026-07-17,True,
MAR,MAR,Marriott International,1048286,Consumer Discretionary,XLY,3655,2012-01-03,2026-07-17,True,
MAS,MAS,Masco,62996,Industrials,XLI,3655,2012-01-03,2026-07-17,True,
MCD,MCD,McDonald's,63908,Consumer Discretionary,XLY,0,,,False,ORIGINAL_51_OVERLAP|PRICE_NOT_COLLECTED
MCHP,MCHP,Microchip Technology,827054,Information Technology,XLK,3655,2012-01-03,2026-07-17,True,
MCK,MCK,McKesson Corporation,927653,Health Care,XLV,3655,2012-01-03,2026-07-17,True,
MCO,MCO,Moody's Corporation,1059556,Financials,XLF,3655,2012-01-03,2026-07-17,True,
MDLZ,MDLZ,Mondelez International,1103982,Consumer Staples,XLP,3655,2012-01-03,2026-07-17,True,
MDT,MDT,Medtronic,1613103,Health Care,XLV,3655,2012-01-03,2026-07-17,True,
MET,MET,MetLife,1099219,Financials,XLF,3655,2012-01-03,2026-07-17,True,
META,META,Meta Platforms,1326801,Communication Services,XLC,0,,,False,ORIGINAL_51_OVERLAP|PRICE_NOT_COLLECTED
MGM,MGM,MGM Resorts,789570,Consumer Discretionary,XLY,3655,2012-01-03,2026-07-17,True,
MKC,MKC,McCormick & Company,63754,Consumer Staples,XLP,3655,2012-01-03,2026-07-17,True,
MLM,MLM,Martin Marietta Materials,916076,Materials,XLB,3655,2012-01-03,2026-07-17,True,
MMM,MMM,3M,66740,Industrials,XLI,3655,2012-01-03,2026-07-17,True,
MNST,MNST,Monster Beverage,865752,Consumer Staples,XLP,3655,2012-01-03,2026-07-17,True,
MO,MO,Altria,764180,Consumer Staples,XLP,3655,2012-01-03,2026-07-17,True,
MOS,MOS,Mosaic Company (The),1285785,Materials,XLB,3655,2012-01-03,2026-07-17,True,
MPC,MPC,Marathon Petroleum,1510295,Energy,XLE,3655,2012-01-03,2026-07-17,True,
MPWR,MPWR,Monolithic Power Systems,1280452,Information Technology,XLK,3655,2012-01-03,2026-07-17,True,
MRK,MRK,Merck & Co.,310158,Health Care,XLV,0,,,False,ORIGINAL_51_OVERLAP|PRICE_NOT_COLLECTED
MRNA,MRNA,Moderna,1682852,Health Care,XLV,1911,2018-12-07,2026-07-17,False,INSUFFICIENT_SESSIONS|HISTORY_START_TOO_LATE
MRSH,MRSH,Marsh McLennan,62709,Financials,XLF,3655,2012-01-03,2026-07-17,True,
MRVL,MRVL,Marvell Technology,1835632,Information Technology,XLK,3655,2012-01-03,2026-07-17,True,
MS,MS,Morgan Stanley,895421,Financials,XLF,3655,2012-01-03,2026-07-17,True,
MSCI,MSCI,MSCI Inc.,1408198,Financials,XLF,3655,2012-01-03,2026-07-17,True,
MSFT,MSFT,Microsoft,789019,Information Technology,XLK,0,,,False,ORIGINAL_51_OVERLAP|PRICE_NOT_COLLECTED
MSI,MSI,Motorola Solutions,68505,Information Technology,XLK,3655,2012-01-03,2026-07-17,True,
MTB,MTB,M&T Bank,36270,Financials,XLF,3655,2012-01-03,2026-07-17,True,
MTD,MTD,Mettler Toledo,1037646,Health Care,XLV,3655,2012-01-03,2026-07-17,True,
MU,MU,Micron Technology,723125,Information Technology,XLK,3655,2012-01-03,2026-07-17,True,
NCLH,NCLH,Norwegian Cruise Line Holdings,1513761,Consumer Discretionary,XLY,3393,2013-01-18,2026-07-17,False,HISTORY_START_TOO_LATE
NDAQ,NDAQ,"Nasdaq, Inc.",1120193,Financials,XLF,3655,2012-01-03,2026-07-17,True,
NDSN,NDSN,Nordson Corporation,72331,Industrials,XLI,3655,2012-01-03,2026-07-17,True,
NEE,NEE,NextEra Energy,753308,Utilities,XLU,0,,,False,ORIGINAL_51_OVERLAP|PRICE_NOT_COLLECTED
NEM,NEM,Newmont,1164727,Materials,XLB,0,,,False,ORIGINAL_51_OVERLAP|PRICE_NOT_COLLECTED
NFLX,NFLX,Netflix,1065280,Communication Services,XLC,0,,,False,ORIGINAL_51_OVERLAP|PRICE_NOT_COLLECTED
NI,NI,NiSource,1111711,Utilities,XLU,3655,2012-01-03,2026-07-17,True,
NKE,NKE,"Nike, Inc.",320187,Consumer Discretionary,XLY,0,,,False,ORIGINAL_51_OVERLAP|PRICE_NOT_COLLECTED
NOC,NOC,Northrop Grumman,1133421,Industrials,XLI,3655,2012-01-03,2026-07-17,True,
NOW,NOW,ServiceNow,1373715,Information Technology,XLK,3531,2012-06-29,2026-07-17,False,HISTORY_START_TOO_LATE
NRG,NRG,NRG Energy,1013871,Utilities,XLU,3655,2012-01-03,2026-07-17,True,
NSC,NSC,Norfolk Southern,702165,Industrials,XLI,3655,2012-01-03,2026-07-17,True,
NTAP,NTAP,NetApp,1002047,Information Technology,XLK,3655,2012-01-03,2026-07-17,True,
NTRS,NTRS,Northern Trust,73124,Financials,XLF,3655,2012-01-03,2026-07-17,True,
NUE,NUE,Nucor,73309,Materials,XLB,3655,2012-01-03,2026-07-17,True,
NVDA,NVDA,Nvidia,1045810,Information Technology,XLK,0,,,False,ORIGINAL_51_OVERLAP|PRICE_NOT_COLLECTED
NVR,NVR,"NVR, Inc.",906163,Consumer Discretionary,XLY,3655,2012-01-03,2026-07-17,True,
NWS,NWS,News Corp (Class B),1564708,Communication Services,XLC,3289,2013-06-19,2026-07-17,False,HISTORY_START_TOO_LATE
NWSA,NWSA,News Corp (Class A),1564708,Communication Services,XLC,3289,2013-06-19,2026-07-17,False,HISTORY_START_TOO_LATE
NXPI,NXPI,NXP Semiconductors,1413447,Information Technology,XLK,3655,2012-01-03,2026-07-17,True,
O,O,Realty Income,726728,Real Estate,XLRE,3655,2012-01-03,2026-07-17,True,
ODFL,ODFL,Old Dominion,878927,Industrials,XLI,3655,2012-01-03,2026-07-17,True,
OKE,OKE,Oneok,1039684,Energy,XLE,3655,2012-01-03,2026-07-17,True,
OMC,OMC,Omnicom Group,29989,Communication Services,XLC,3655,2012-01-03,2026-07-17,True,
ON,ON,ON Semiconductor,1097864,Information Technology,XLK,3655,2012-01-03,2026-07-17,True,
ORCL,ORCL,Oracle Corporation,1341439,Information Technology,XLK,0,,,False,ORIGINAL_51_OVERLAP|PRICE_NOT_COLLECTED
ORLY,ORLY,O’Reilly Automotive,898173,Consumer Discretionary,XLY,3655,2012-01-03,2026-07-17,True,
OTIS,OTIS,Otis Worldwide,1781335,Industrials,XLI,1590,2020-03-19,2026-07-17,False,INSUFFICIENT_SESSIONS|HISTORY_START_TOO_LATE
OXY,OXY,Occidental Petroleum,797468,Energy,XLE,3655,2012-01-03,2026-07-17,True,
PANW,PANW,Palo Alto Networks,1327567,Information Technology,XLK,3517,2012-07-20,2026-07-17,False,HISTORY_START_TOO_LATE
PAYX,PAYX,Paychex,723531,Industrials,XLI,3655,2012-01-03,2026-07-17,True,
PCAR,PCAR,Paccar,75362,Industrials,XLI,3655,2012-01-03,2026-07-17,True,
PCG,PCG,PG&E Corporation,1004980,Utilities,XLU,3655,2012-01-03,2026-07-17,True,
PEG,PEG,Public Service Enterprise Group,788784,Utilities,XLU,3655,2012-01-03,2026-07-17,True,
PEP,PEP,PepsiCo,77476,Consumer Staples,XLP,0,,,False,ORIGINAL_51_OVERLAP|PRICE_NOT_COLLECTED
PFE,PFE,Pfizer,78003,Health Care,XLV,3655,2012-01-03,2026-07-17,True,
PFG,PFG,Principal Financial Group,1126328,Financials,XLF,3655,2012-01-03,2026-07-17,True,
PG,PG,Procter & Gamble,80424,Consumer Staples,XLP,0,,,False,ORIGINAL_51_OVERLAP|PRICE_NOT_COLLECTED
PGR,PGR,Progressive Corporation,80661,Financials,XLF,3655,2012-01-03,2026-07-17,True,
PH,PH,Parker Hannifin,76334,Industrials,XLI,3655,2012-01-03,2026-07-17,True,
PHM,PHM,PulteGroup,822416,Consumer Discretionary,XLY,3655,2012-01-03,2026-07-17,True,
PKG,PKG,Packaging Corporation of America,75677,Materials,XLB,3655,2012-01-03,2026-07-17,True,
PLD,PLD,Prologis,1045609,Real Estate,XLRE,0,,,False,ORIGINAL_51_OVERLAP|PRICE_NOT_COLLECTED
PLTR,PLTR,Palantir Technologies,1321655,Information Technology,XLK,1455,2020-09-30,2026-07-17,False,INSUFFICIENT_SESSIONS|HISTORY_START_TOO_LATE
PM,PM,Philip Morris International,1413329,Consumer Staples,XLP,3655,2012-01-03,2026-07-17,True,
PNC,PNC,PNC Financial Services,713676,Financials,XLF,3655,2012-01-03,2026-07-17,True,
PNR,PNR,Pentair,77360,Industrials,XLI,3655,2012-01-03,2026-07-17,True,
PNW,PNW,Pinnacle West Capital,764622,Utilities,XLU,3655,2012-01-03,2026-07-17,True,
PODD,PODD,Insulet Corporation,1145197,Health Care,XLV,3655,2012-01-03,2026-07-17,True,
PPG,PPG,PPG Industries,79879,Materials,XLB,3655,2012-01-03,2026-07-17,True,
PPL,PPL,PPL Corporation,922224,Utilities,XLU,3655,2012-01-03,2026-07-17,True,
PRU,PRU,Prudential Financial,1137774,Financials,XLF,3655,2012-01-03,2026-07-17,True,
PSA,PSA,Public Storage,1393311,Real Estate,XLRE,3655,2012-01-03,2026-07-17,True,
PSKY,PSKY,Paramount Skydance Corporation,2041610,Communication Services,XLC,3655,2012-01-03,2026-07-17,True,
PSX,PSX,Phillips 66,1534701,Energy,XLE,3586,2012-04-12,2026-07-17,False,HISTORY_START_TOO_LATE
PTC,PTC,PTC Inc.,857005,Information Technology,XLK,3655,2012-01-03,2026-07-17,True,
PWR,PWR,Quanta Services,1050915,Industrials,XLI,3655,2012-01-03,2026-07-17,True,
PYPL,PYPL,PayPal,1633917,Financials,XLF,2775,2015-07-06,2026-07-17,False,INSUFFICIENT_SESSIONS|HISTORY_START_TOO_LATE
Q,Q,Qnity Electronics,2058873,Information Technology,XLK,181,2025-10-27,2026-07-17,False,INSUFFICIENT_SESSIONS|HISTORY_START_TOO_LATE
QCOM,QCOM,Qualcomm,804328,Information Technology,XLK,3655,2012-01-03,2026-07-17,True,
RCL,RCL,Royal Caribbean Group,884887,Consumer Discretionary,XLY,3655,2012-01-03,2026-07-17,True,
REG,REG,Regency Centers,910606,Real Estate,XLRE,3655,2012-01-03,2026-07-17,True,
REGN,REGN,Regeneron Pharmaceuticals,872589,Health Care,XLV,3655,2012-01-03,2026-07-17,True,
RF,RF,Regions Financial Corporation,1281761,Financials,XLF,3655,2012-01-03,2026-07-17,True,
RJF,RJF,Raymond James Financial,720005,Financials,XLF,3655,2012-01-03,2026-07-17,True,
RL,RL,Ralph Lauren Corporation,1037038,Consumer Discretionary,XLY,3655,2012-01-03,2026-07-17,True,
RMD,RMD,ResMed,943819,Health Care,XLV,3655,2012-01-03,2026-07-17,True,
ROK,ROK,Rockwell Automation,1024478,Industrials,XLI,3655,2012-01-03,2026-07-17,True,
ROL,ROL,"Rollins, Inc.",84839,Industrials,XLI,3655,2012-01-03,2026-07-17,True,
ROP,ROP,Roper Technologies,882835,Information Technology,XLK,3655,2012-01-03,2026-07-17,True,
ROST,ROST,Ross Stores,745732,Consumer Discretionary,XLY,3655,2012-01-03,2026-07-17,True,
RSG,RSG,Republic Services,1060391,Industrials,XLI,3655,2012-01-03,2026-07-17,True,
RTX,RTX,RTX Corporation,101829,Industrials,XLI,3655,2012-01-03,2026-07-17,True,
RVTY,RVTY,Revvity,31791,Health Care,XLV,3655,2012-01-03,2026-07-17,True,
SBAC,SBAC,SBA Communications,1034054,Real Estate,XLRE,3655,2012-01-03,2026-07-17,True,
SBUX,SBUX,Starbucks,829224,Consumer Discretionary,XLY,3655,2012-01-03,2026-07-17,True,
SCHW,SCHW,Charles Schwab Corporation,316709,Financials,XLF,3655,2012-01-03,2026-07-17,True,
SHW,SHW,Sherwin-Williams,89800,Materials,XLB,0,,,False,ORIGINAL_51_OVERLAP|PRICE_NOT_COLLECTED
SJM,SJM,J.M. Smucker Company (The),91419,Consumer Staples,XLP,3655,2012-01-03,2026-07-17,True,
SLB,SLB,Schlumberger,87347,Energy,XLE,0,,,False,ORIGINAL_51_OVERLAP|PRICE_NOT_COLLECTED
SMCI,SMCI,Supermicro,1375365,Information Technology,XLK,3655,2012-01-03,2026-07-17,True,
SNA,SNA,Snap-on,91440,Industrials,XLI,3655,2012-01-03,2026-07-17,True,
SNDK,SNDK,Sandisk,2023554,Information Technology,XLK,357,2025-02-13,2026-07-17,False,INSUFFICIENT_SESSIONS|HISTORY_START_TOO_LATE
SNPS,SNPS,Synopsys,883241,Information Technology,XLK,3655,2012-01-03,2026-07-17,True,
SO,SO,Southern Company,92122,Utilities,XLU,0,,,False,ORIGINAL_51_OVERLAP|PRICE_NOT_COLLECTED
SOLV,SOLV,Solventum,1964738,Health Care,XLV,579,2024-03-26,2026-07-17,False,INSUFFICIENT_SESSIONS|HISTORY_START_TOO_LATE
SPG,SPG,Simon Property Group,1063761,Real Estate,XLRE,3655,2012-01-03,2026-07-17,True,
SPGI,SPGI,S&P Global,64040,Financials,XLF,3655,2012-01-03,2026-07-17,True,
SRE,SRE,Sempra,1032208,Utilities,XLU,3655,2012-01-03,2026-07-17,True,
STE,STE,Steris,1757898,Health Care,XLV,3655,2012-01-03,2026-07-17,True,
STLD,STLD,Steel Dynamics,1022671,Materials,XLB,3655,2012-01-03,2026-07-17,True,
STT,STT,State Street Corporation,93751,Financials,XLF,3655,2012-01-03,2026-07-17,True,
STX,STX,Seagate Technology,1137789,Information Technology,XLK,3655,2012-01-03,2026-07-17,True,
STZ,STZ,Constellation Brands,16918,Consumer Staples,XLP,3655,2012-01-03,2026-07-17,True,
SW,SW,Smurfit Westrock,2005951,Materials,XLB,3655,2012-01-03,2026-07-17,True,
SWK,SWK,Stanley Black & Decker,93556,Industrials,XLI,3655,2012-01-03,2026-07-17,True,
SWKS,SWKS,Skyworks Solutions,4127,Information Technology,XLK,3655,2012-01-03,2026-07-17,True,
SYF,SYF,Synchrony Financial,1601712,Financials,XLF,3008,2014-07-31,2026-07-17,False,HISTORY_START_TOO_LATE
SYK,SYK,Stryker Corporation,310764,Health Care,XLV,3655,2012-01-03,2026-07-17,True,
SYY,SYY,Sysco,96021,Consumer Staples,XLP,3655,2012-01-03,2026-07-17,True,
T,T,AT&T,732717,Communication Services,XLC,3655,2012-01-03,2026-07-17,True,
TAP,TAP,Molson Coors Beverage Company,24545,Consumer Staples,XLP,3655,2012-01-03,2026-07-17,True,
TDG,TDG,TransDigm Group,1260221,Industrials,XLI,3655,2012-01-03,2026-07-17,True,
TDY,TDY,Teledyne Technologies,1094285,Information Technology,XLK,3655,2012-01-03,2026-07-17,True,
TECH,TECH,Bio-Techne,842023,Health Care,XLV,3655,2012-01-03,2026-07-17,True,
TEL,TEL,TE Connectivity,1385157,Information Technology,XLK,3655,2012-01-03,2026-07-17,True,
TER,TER,Teradyne,97210,Information Technology,XLK,3655,2012-01-03,2026-07-17,True,
TFC,TFC,Truist Financial,92230,Financials,XLF,3655,2012-01-03,2026-07-17,True,
TGT,TGT,Target Corporation,27419,Consumer Staples,XLP,3655,2012-01-03,2026-07-17,True,
TJX,TJX,TJX Companies,109198,Consumer Discretionary,XLY,3655,2012-01-03,2026-07-17,True,
TKO,TKO,TKO Group Holdings,1973266,Communication Services,XLC,3655,2012-01-03,2026-07-17,True,
TMO,TMO,Thermo Fisher Scientific,97745,Health Care,XLV,3655,2012-01-03,2026-07-17,True,
TMUS,TMUS,T-Mobile US,1283699,Communication Services,XLC,0,,,False,ORIGINAL_51_OVERLAP|PRICE_NOT_COLLECTED
TPL,TPL,Texas Pacific Land Corporation,1811074,Energy,XLE,3655,2012-01-03,2026-07-17,True,
TPR,TPR,"Tapestry, Inc.",1116132,Consumer Discretionary,XLY,3655,2012-01-03,2026-07-17,True,
TRGP,TRGP,Targa Resources,1389170,Energy,XLE,3655,2012-01-03,2026-07-17,True,
TRMB,TRMB,Trimble Inc.,864749,Information Technology,XLK,3655,2012-01-03,2026-07-17,True,
TROW,TROW,T. Rowe Price,1113169,Financials,XLF,3655,2012-01-03,2026-07-17,True,
TRV,TRV,Travelers Companies (The),86312,Financials,XLF,3655,2012-01-03,2026-07-17,True,
TSCO,TSCO,Tractor Supply,916365,Consumer Discretionary,XLY,3655,2012-01-03,2026-07-17,True,
TSLA,TSLA,"Tesla, Inc.",1318605,Consumer Discretionary,XLY,0,,,False,ORIGINAL_51_OVERLAP|PRICE_NOT_COLLECTED
TSN,TSN,Tyson Foods,100493,Consumer Staples,XLP,3655,2012-01-03,2026-07-17,True,
TT,TT,Trane Technologies,1466258,Industrials,XLI,3655,2012-01-03,2026-07-17,True,
TTD,TTD,Trade Desk (The),1671933,Communication Services,XLC,2468,2016-09-21,2026-07-17,False,INSUFFICIENT_SESSIONS|HISTORY_START_TOO_LATE
TTWO,TTWO,Take-Two Interactive,946581,Communication Services,XLC,3655,2012-01-03,2026-07-17,True,
TXN,TXN,Texas Instruments,97476,Information Technology,XLK,3655,2012-01-03,2026-07-17,True,
TXT,TXT,Textron,217346,Industrials,XLI,3655,2012-01-03,2026-07-17,True,
TYL,TYL,Tyler Technologies,860731,Information Technology,XLK,3655,2012-01-03,2026-07-17,True,
UAL,UAL,United Airlines Holdings,100517,Industrials,XLI,3655,2012-01-03,2026-07-17,True,
UBER,UBER,Uber,1543151,Industrials,XLI,1806,2019-05-10,2026-07-17,False,INSUFFICIENT_SESSIONS|HISTORY_START_TOO_LATE
UDR,UDR,"UDR, Inc.",74208,Real Estate,XLRE,3655,2012-01-03,2026-07-17,True,
UHS,UHS,Universal Health Services,352915,Health Care,XLV,3655,2012-01-03,2026-07-17,True,
ULTA,ULTA,Ulta Beauty,1403568,Consumer Discretionary,XLY,3655,2012-01-03,2026-07-17,True,
UNH,UNH,UnitedHealth Group,731766,Health Care,XLV,0,,,False,ORIGINAL_51_OVERLAP|PRICE_NOT_COLLECTED
UNP,UNP,Union Pacific Corporation,100885,Industrials,XLI,0,,,False,ORIGINAL_51_OVERLAP|PRICE_NOT_COLLECTED
UPS,UPS,United Parcel Service,1090727,Industrials,XLI,3655,2012-01-03,2026-07-17,True,
URI,URI,United Rentals,1067701,Industrials,XLI,3655,2012-01-03,2026-07-17,True,
USB,USB,U.S. Bancorp,36104,Financials,XLF,3655,2012-01-03,2026-07-17,True,
V,V,Visa Inc.,1403161,Financials,XLF,0,,,False,ORIGINAL_51_OVERLAP|PRICE_NOT_COLLECTED
VEEV,VEEV,Veeva Systems,1393052,Health Care,XLV,3206,2013-10-16,2026-07-17,False,HISTORY_START_TOO_LATE
VICI,VICI,Vici Properties,1705696,Real Estate,XLRE,2146,2018-01-02,2026-07-17,False,INSUFFICIENT_SESSIONS|HISTORY_START_TOO_LATE
VLO,VLO,Valero Energy,1035002,Energy,XLE,3655,2012-01-03,2026-07-17,True,
VLTO,VLTO,Veralto,1967680,Industrials,XLI,698,2023-10-04,2026-07-17,False,INSUFFICIENT_SESSIONS|HISTORY_START_TOO_LATE
VMC,VMC,Vulcan Materials Company,1396009,Materials,XLB,3655,2012-01-03,2026-07-17,True,
VRSK,VRSK,Verisk Analytics,1442145,Industrials,XLI,3655,2012-01-03,2026-07-17,True,
VRSN,VRSN,Verisign,1014473,Information Technology,XLK,3655,2012-01-03,2026-07-17,True,
VRT,VRT,Vertiv,1674101,Industrials,XLI,1999,2018-08-02,2026-07-17,False,INSUFFICIENT_SESSIONS|HISTORY_START_TOO_LATE
VRTX,VRTX,Vertex Pharmaceuticals,875320,Health Care,XLV,3655,2012-01-03,2026-07-17,True,
VST,VST,Vistra Corp.,1692819,Utilities,XLU,2458,2016-10-05,2026-07-17,False,INSUFFICIENT_SESSIONS|HISTORY_START_TOO_LATE
VTR,VTR,Ventas,740260,Real Estate,XLRE,3655,2012-01-03,2026-07-17,True,
VTRS,VTRS,Viatris,1792044,Health Care,XLV,3655,2012-01-03,2026-07-17,True,
VZ,VZ,Verizon,732712,Communication Services,XLC,3655,2012-01-03,2026-07-17,True,
WAB,WAB,Wabtec,943452,Industrials,XLI,3655,2012-01-03,2026-07-17,True,
WAT,WAT,Waters Corporation,1000697,Health Care,XLV,3655,2012-01-03,2026-07-17,True,
WBD,WBD,Warner Bros. Discovery,1437107,Communication Services,XLC,3655,2012-01-03,2026-07-17,True,
WDAY,WDAY,"Workday, Inc.",1327811,Information Technology,XLK,3458,2012-10-12,2026-07-17,False,HISTORY_START_TOO_LATE
WDC,WDC,Western Digital,106040,Information Technology,XLK,3655,2012-01-03,2026-07-17,True,
WEC,WEC,WEC Energy Group,783325,Utilities,XLU,3655,2012-01-03,2026-07-17,True,
WELL,WELL,Welltower,766704,Real Estate,XLRE,3655,2012-01-03,2026-07-17,True,
WFC,WFC,Wells Fargo,72971,Financials,XLF,3655,2012-01-03,2026-07-17,True,
WM,WM,Waste Management,823768,Industrials,XLI,3655,2012-01-03,2026-07-17,True,
WMB,WMB,Williams Companies,107263,Energy,XLE,3655,2012-01-03,2026-07-17,True,
WMT,WMT,Walmart,104169,Consumer Staples,XLP,0,,,False,ORIGINAL_51_OVERLAP|PRICE_NOT_COLLECTED
WRB,WRB,W. R. Berkley Corporation,11544,Financials,XLF,3655,2012-01-03,2026-07-17,True,
WSM,WSM,"Williams-Sonoma, Inc.",719955,Consumer Discretionary,XLY,3655,2012-01-03,2026-07-17,True,
WST,WST,West Pharmaceutical Services,105770,Health Care,XLV,3655,2012-01-03,2026-07-17,True,
WTW,WTW,Willis Towers Watson,1140536,Financials,XLF,3655,2012-01-03,2026-07-17,True,
WY,WY,Weyerhaeuser,106535,Real Estate,XLRE,3655,2012-01-03,2026-07-17,True,
WYNN,WYNN,Wynn Resorts,1174922,Consumer Discretionary,XLY,3655,2012-01-03,2026-07-17,True,
XEL,XEL,Xcel Energy,72903,Utilities,XLU,3655,2012-01-03,2026-07-17,True,
XOM,XOM,ExxonMobil,34088,Energy,XLE,0,,,False,ORIGINAL_51_OVERLAP|PRICE_NOT_COLLECTED
XYL,XYL,Xylem Inc.,1524472,Industrials,XLI,3655,2012-01-03,2026-07-17,True,
XYZ,XYZ,"Block, Inc.",1512673,Financials,XLF,2678,2015-11-19,2026-07-17,False,INSUFFICIENT_SESSIONS|HISTORY_START_TOO_LATE
YUM,YUM,Yum! Brands,1041061,Consumer Discretionary,XLY,3655,2012-01-03,2026-07-17,True,
ZBH,ZBH,Zimmer Biomet,1136869,Health Care,XLV,3655,2012-01-03,2026-07-17,True,
ZBRA,ZBRA,Zebra Technologies,877212,Information Technology,XLK,3655,2012-01-03,2026-07-17,True,
ZTS,ZTS,Zoetis,1555280,Health Care,XLV,3384,2013-02-01,2026-07-17,False,HISTORY_START_TOO_LATE
