review_id,ticker,cik,accession_number,accepted_at,document_name,document_role,source_url,source_sha256,table_index,row_index,column_index,metric,fiscal_period,accounting_basis,unit,lower_bound,upper_bound,midpoint,header_context,source_row,candidate_status,review_priority,review_decision,review_reason,reviewer,reviewed_at
SGT-0001,META,0001326801,0001326801-20-000073,2020-07-30T23:18:23.000Z,fb-06302020xexhibit991.htm,TEXT_ATTACHMENT,https://www.sec.gov/Archives/edgar/data/1326801/000132680120000073/fb-06302020xexhibit991.htm,436fecb23fefe649d98b254f6eb3af595c9c4eecf4d9afd81e3e8e7a29010874,15,1,1,CAPEX,FY2020,UNSPECIFIED,USD,14000000000,16000000000,15000000000,,"• | Capital expenditures - We expect full-year 2020 capital expenditures to be approximately $16 billion, at the high end of our prior $14-16 billion range, as we have resumed data center construction efforts earlier than expected. However, a great deal of uncertainty remains in our outlook, and our full year capital expenditures will depend on how the pandemic impacts our ability to construct data centers and refresh equipment.",STRUCTURE_PRESERVED_NOT_SOURCE_REVIEWED,019d9ac9739d0f451af3c936f4eaa0465e3fec0f0e37a54d2adbb59200df4672,PENDING,,,
SGT-0002,TMUS,0001283699,0001283699-17-000020,2017-04-24T20:06:10.000Z,tmus03312017ex992.htm,TEXT_ATTACHMENT,https://www.sec.gov/Archives/edgar/data/1283699/000128369917000020/tmus03312017ex992.htm,b223444dbdb7ae130c1fff89d31e89e5a21e0317df22c86e27bda7aa2611aa5c,180,1,1,CAPEX,FY2017,UNSPECIFIED,USD,4800000000,5100000000,4950000000,,"▪ | Cash capital expenditures for the full-year 2017 are expected to be in the range of $4.8 to $5.1 billion, excluding capitalized interest, unchanged from the guidance provided in the prior quarter.",STRUCTURE_PRESERVED_NOT_SOURCE_REVIEWED,129687e5022dcc924758bce82858e1a405dfeab371fb18c8a49683633a76f8d2,PENDING,,,
SGT-0003,TMUS,0001283699,0001283699-19-000075,2019-04-25T20:17:23.000Z,tmus03312019ex992.htm,TEXT_ATTACHMENT,https://www.sec.gov/Archives/edgar/data/1283699/000128369919000075/tmus03312019ex992.htm,95d8bbf976906d7f9a43189609fa23511d6c9f4ef5e240114e4a1789491ca3d5,209,1,1,CAPEX,FY2019,UNSPECIFIED,USD,5400000000,5700000000,5550000000,,"▪ | Capital expenditures: Cash purchases of property and equipment for the full-year 2019, excluding capitalized interest of approximately $400 million, are expected to be in the range of $5.4 to $5.7 billion and cash purchases of property and equipment for the full-year 2019, including capitalized interest, are expected to be in the range of $5.8 to $6.1 billion, both unchanged from prior guidance. Full-year 2019 cash purchases of property and equipment include expenditures for 5G and 600 MHz deployment.",STRUCTURE_PRESERVED_NOT_SOURCE_REVIEWED,371e67b3e95e67abdceee5b45745117d579989db4de39b93eaf7c62d43166643,PENDING,,,
SGT-0004,TMUS,0001283699,0001283699-19-000075,2019-04-25T20:17:23.000Z,tmus03312019ex992.htm,TEXT_ATTACHMENT,https://www.sec.gov/Archives/edgar/data/1283699/000128369919000075/tmus03312019ex992.htm,95d8bbf976906d7f9a43189609fa23511d6c9f4ef5e240114e4a1789491ca3d5,209,1,1,CAPEX,FY2019,UNSPECIFIED,USD,5800000000,6100000000,5950000000,,"▪ | Capital expenditures: Cash purchases of property and equipment for the full-year 2019, excluding capitalized interest of approximately $400 million, are expected to be in the range of $5.4 to $5.7 billion and cash purchases of property and equipment for the full-year 2019, including capitalized interest, are expected to be in the range of $5.8 to $6.1 billion, both unchanged from prior guidance. Full-year 2019 cash purchases of property and equipment include expenditures for 5G and 600 MHz deployment.",STRUCTURE_PRESERVED_NOT_SOURCE_REVIEWED,371e67b3e95e67abdceee5b45745117d579989db4de39b93eaf7c62d43166643,PENDING,,,
SGT-0005,TMUS,0001283699,0001283699-16-000098,2016-07-27T11:34:10.000Z,tmus06302016ex992.htm,TEXT_ATTACHMENT,https://www.sec.gov/Archives/edgar/data/1283699/000128369916000098/tmus06302016ex992.htm,94feb5c1001d162fce59922f5401e746c7820524cb8daef239e5f7336d2d1689,112,1,1,CAPEX,FY2016,UNSPECIFIED,USD,4500000000,4800000000,4650000000,,"▪ | Cash capital expenditures for full-year 2016 are expected to be in the range of $4.5 to $4.8 billion, unchanged from previous guidance.",STRUCTURE_PRESERVED_NOT_SOURCE_REVIEWED,452248ddf4e9fd4908971a5d0d043660cc90e48b50a23331f32e71df315c6171,PENDING,,,
SGT-0006,TMUS,0001283699,0001283699-16-000114,2016-10-24T11:31:50.000Z,tmus09302016ex992.htm,TEXT_ATTACHMENT,https://www.sec.gov/Archives/edgar/data/1283699/000128369916000114/tmus09302016ex992.htm,68a0bb99e37e2924691f5989dbf55c3b3e7da146d66cb1cb52b17e4c51f1e879,133,1,1,CAPEX,FY2016,UNSPECIFIED,USD,4500000000,4700000000,4600000000,,"▪ | Cash capital expenditures for the full-year 2016 are expected to be in the range of $4.5 to $4.7 billion, narrowing the previous guidance range of $4.5 to $4.8 billion.",STRUCTURE_PRESERVED_NOT_SOURCE_REVIEWED,461f08b23e68bae765a717b14b3a965be34798fdbcd92a5dffd94fabe3262abe,PENDING,,,
SGT-0007,TMUS,0001283699,0001283699-16-000114,2016-10-24T11:31:50.000Z,tmus09302016ex992.htm,TEXT_ATTACHMENT,https://www.sec.gov/Archives/edgar/data/1283699/000128369916000114/tmus09302016ex992.htm,68a0bb99e37e2924691f5989dbf55c3b3e7da146d66cb1cb52b17e4c51f1e879,133,1,1,CAPEX,FY2016,UNSPECIFIED,USD,4500000000,4800000000,4650000000,,"▪ | Cash capital expenditures for the full-year 2016 are expected to be in the range of $4.5 to $4.7 billion, narrowing the previous guidance range of $4.5 to $4.8 billion.",STRUCTURE_PRESERVED_NOT_SOURCE_REVIEWED,461f08b23e68bae765a717b14b3a965be34798fdbcd92a5dffd94fabe3262abe,PENDING,,,
SGT-0008,TMUS,0001283699,0001283699-15-000016,2015-04-28T11:34:52.000Z,tmus03312015ex992.htm,TEXT_ATTACHMENT,https://www.sec.gov/Archives/edgar/data/1283699/000128369915000016/tmus03312015ex992.htm,d2c484ed4f3686f4751d8a9e310d7683d457f382e7d094e0bc26360687bdd5d2,98,1,1,CAPEX,FY2015,UNSPECIFIED,USD,4400000000,4700000000,4550000000,,"▪ | Cash capital expenditures for full-year 2015 are expected to be in the range of $4.4 to $4.7 billion, which is unchanged from previous guidance.",STRUCTURE_PRESERVED_NOT_SOURCE_REVIEWED,521470a9546cf18ddc8ca547604bff9254195549bb5c324389df22734e91727c,PENDING,,,
SGT-0009,TMUS,0001283699,0001283699-19-000105,2019-07-25T20:11:12.000Z,tmus06302019ex992.htm,TEXT_ATTACHMENT,https://www.sec.gov/Archives/edgar/data/1283699/000128369919000105/tmus06302019ex992.htm,5c6ed5bd195d4a62ae59e8cb717b7754a7e5fa4c93dd4ca5b3517b27ade5d9d2,202,1,1,CAPEX,FY2019,UNSPECIFIED,USD,5400000000,5700000000,5550000000,,"▪ | Capital expenditures: Cash purchases of property and equipment for the full-year 2019, excluding capitalized interest of approximately $400 million, are expected to be in the range of $5.4 to $5.7 billion and cash purchases of property and equipment for the full-year 2019, including capitalized interest, are expected to be in the range of $5.8 to $6.1 billion, with both ranges unchanged from prior guidance. We now expect to be at the very high end of both ranges. Full-year 2019 cash purchases of property and equipment include expenditures for 5G and 600 MHz deployment.",STRUCTURE_PRESERVED_NOT_SOURCE_REVIEWED,5d3385467013eef8c732e75d659b8a4cb6ba7c9d2181a64dd369a001a6ee92ae,PENDING,,,
SGT-0010,TMUS,0001283699,0001283699-19-000105,2019-07-25T20:11:12.000Z,tmus06302019ex992.htm,TEXT_ATTACHMENT,https://www.sec.gov/Archives/edgar/data/1283699/000128369919000105/tmus06302019ex992.htm,5c6ed5bd195d4a62ae59e8cb717b7754a7e5fa4c93dd4ca5b3517b27ade5d9d2,202,1,1,CAPEX,FY2019,UNSPECIFIED,USD,5800000000,6100000000,5950000000,,"▪ | Capital expenditures: Cash purchases of property and equipment for the full-year 2019, excluding capitalized interest of approximately $400 million, are expected to be in the range of $5.4 to $5.7 billion and cash purchases of property and equipment for the full-year 2019, including capitalized interest, are expected to be in the range of $5.8 to $6.1 billion, with both ranges unchanged from prior guidance. We now expect to be at the very high end of both ranges. Full-year 2019 cash purchases of property and equipment include expenditures for 5G and 600 MHz deployment.",STRUCTURE_PRESERVED_NOT_SOURCE_REVIEWED,5d3385467013eef8c732e75d659b8a4cb6ba7c9d2181a64dd369a001a6ee92ae,PENDING,,,
SGT-0011,TMUS,0001283699,0001283699-16-000082,2016-04-26T10:18:27.000Z,tmus03312016ex992.htm,TEXT_ATTACHMENT,https://www.sec.gov/Archives/edgar/data/1283699/000128369916000082/tmus03312016ex992.htm,3b653915ba6d5734e915f0f3703ade9ab7f07f1f1b02599cb6fc7ed2b9659439,108,1,1,CAPEX,FY2016,UNSPECIFIED,USD,4500000000,4800000000,4650000000,,"▪ | Cash capital expenditures for full-year 2016 are expected to be in the range of $4.5 to $4.8 billion, unchanged from previous guidance.",STRUCTURE_PRESERVED_NOT_SOURCE_REVIEWED,67755d3c7e88817f1aa2c71d71fd4c2c7e467a448196f5eee67b290329891de1,PENDING,,,
SGT-0012,TMUS,0001283699,0001283699-15-000053,2015-10-27T11:41:10.000Z,tmus09302015ex992.htm,TEXT_ATTACHMENT,https://www.sec.gov/Archives/edgar/data/1283699/000128369915000053/tmus09302015ex992.htm,2f932a484f3061a9a37a3abf36beb4a1a69c9bee0187c745d8455a2d4f980001,99,1,1,CAPEX,FY2015,UNSPECIFIED,USD,4400000000,4700000000,4550000000,,"▪ | Cash capital expenditures for full-year 2015 are expected to be in the range of $4.4 to $4.7 billion, which is unchanged from previous guidance.",STRUCTURE_PRESERVED_NOT_SOURCE_REVIEWED,84c13f0433763b808869e9da0c91fa57ce69e31c3fd2e9a74547ed1b9997b838,PENDING,,,
SGT-0013,TMUS,0001283699,0001283699-19-000117,2019-10-28T20:11:05.000Z,tmus09302019ex992.htm,TEXT_ATTACHMENT,https://www.sec.gov/Archives/edgar/data/1283699/000128369919000117/tmus09302019ex992.htm,fbd42a14fc761ca02773d030c643d05ef5f41318760caf142a5c5b5d107ce3e5,211,1,1,CAPEX,FY2019,UNSPECIFIED,USD,5900000000,6000000000,5950000000,,"▪ | Capital expenditures: Cash purchases of property and equipment for the full-year 2019, excluding capitalized interest of approximately $450 million (up from prior guidance of $400 million), are expected to be in the range of $5.9 to $6.0 billion, up $200 to $300 million from the high end of the prior guidance range. Cash purchases of property and equipment for the full-year 2019, including capitalized interest, are expected to be in the range of $6.35 to $6.45 billion, up from the prior guidance of $5.8 to $6.1 billion. The higher capital expenditures guidance reflects our rapid rollout of 600 MHz spectrum, setting the foundation for our accelerated plan to launch the first nationwide 5G network with more than 200 million POPs later this year.",STRUCTURE_PRESERVED_NOT_SOURCE_REVIEWED,a2eeae50ddaaca7d46d8bb109c22b53cb47791dccbf47729a9befb64f2754135,PENDING,,,
SGT-0014,TMUS,0001283699,0001283699-19-000117,2019-10-28T20:11:05.000Z,tmus09302019ex992.htm,TEXT_ATTACHMENT,https://www.sec.gov/Archives/edgar/data/1283699/000128369919000117/tmus09302019ex992.htm,fbd42a14fc761ca02773d030c643d05ef5f41318760caf142a5c5b5d107ce3e5,211,1,1,CAPEX,FY2019,UNSPECIFIED,USD,200000000,300000000,250000000,,"▪ | Capital expenditures: Cash purchases of property and equipment for the full-year 2019, excluding capitalized interest of approximately $450 million (up from prior guidance of $400 million), are expected to be in the range of $5.9 to $6.0 billion, up $200 to $300 million from the high end of the prior guidance range. Cash purchases of property and equipment for the full-year 2019, including capitalized interest, are expected to be in the range of $6.35 to $6.45 billion, up from the prior guidance of $5.8 to $6.1 billion. The higher capital expenditures guidance reflects our rapid rollout of 600 MHz spectrum, setting the foundation for our accelerated plan to launch the first nationwide 5G network with more than 200 million POPs later this year.",STRUCTURE_PRESERVED_NOT_SOURCE_REVIEWED,a2eeae50ddaaca7d46d8bb109c22b53cb47791dccbf47729a9befb64f2754135,PENDING,,,
SGT-0015,TMUS,0001283699,0001283699-19-000117,2019-10-28T20:11:05.000Z,tmus09302019ex992.htm,TEXT_ATTACHMENT,https://www.sec.gov/Archives/edgar/data/1283699/000128369919000117/tmus09302019ex992.htm,fbd42a14fc761ca02773d030c643d05ef5f41318760caf142a5c5b5d107ce3e5,211,1,1,CAPEX,FY2019,UNSPECIFIED,USD,6350000000,6450000000,6400000000,,"▪ | Capital expenditures: Cash purchases of property and equipment for the full-year 2019, excluding capitalized interest of approximately $450 million (up from prior guidance of $400 million), are expected to be in the range of $5.9 to $6.0 billion, up $200 to $300 million from the high end of the prior guidance range. Cash purchases of property and equipment for the full-year 2019, including capitalized interest, are expected to be in the range of $6.35 to $6.45 billion, up from the prior guidance of $5.8 to $6.1 billion. The higher capital expenditures guidance reflects our rapid rollout of 600 MHz spectrum, setting the foundation for our accelerated plan to launch the first nationwide 5G network with more than 200 million POPs later this year.",STRUCTURE_PRESERVED_NOT_SOURCE_REVIEWED,a2eeae50ddaaca7d46d8bb109c22b53cb47791dccbf47729a9befb64f2754135,PENDING,,,
SGT-0016,PLD,0001045609,0001193125-14-151746,2014-04-22T12:08:07.000Z,d713104dex991.htm,TEXT_ATTACHMENT,https://www.sec.gov/Archives/edgar/data/1045609/000119312514151746/d713104dex991.htm,5c3b7ea9b756797145c9be0b4289af23d6fdedc0ced90115fcc96dd707ca403d,4,1,0,EPS,FY2014,UNSPECIFIED,USD_PER_SHARE,1.76,1.82,1.79,,"Copyright © 2014 Prologis 2 CAPITAL MARKETS ACTIVITY STRENGTHENS FINANCIAL POSITION During the first quarter, Prologis took the opportunity to further access the current low interest rate environment to complete approximately $1.2 billion of debt financings and refinancings, including the issuance of €700 million ($965.2 million) of Eurobonds. Subsequent to quarter end, the company closed on the issuance of €300 million ($413.6 million) of Prologis European Properties Fund II Eurobonds. Additionally, the company redeemed $194.2 million of U.S. senior notes and repaid $239.3 million of secured debt. “The recent credit ratings upgrade from Standard & Poor’s to BBB+ is affirmation of our earnings trajectory, significant liquidity, and our demonstrated commitment to build one of the strongest balance sheets in the REIT sector,” said Thomas S. Olinger, chief financial officer, Prologis. “Our euro-related financings in the first quarter enabled us to increase our U.S. dollar net equity posit",STRUCTURE_PRESERVED_NOT_SOURCE_REVIEWED,0b517a1cc2d87bb18edc65e175533ef6b232be7f54eda1e8474471dbef469698,PENDING,,,
SGT-0017,PLD,0001045609,0001193125-14-151746,2014-04-22T12:08:07.000Z,d713104dex991.htm,TEXT_ATTACHMENT,https://www.sec.gov/Archives/edgar/data/1045609/000119312514151746/d713104dex991.htm,5c3b7ea9b756797145c9be0b4289af23d6fdedc0ced90115fcc96dd707ca403d,4,1,0,EPS,FY2014,UNSPECIFIED,USD_PER_SHARE,1.74,1.82,1.78,,"Copyright © 2014 Prologis 2 CAPITAL MARKETS ACTIVITY STRENGTHENS FINANCIAL POSITION During the first quarter, Prologis took the opportunity to further access the current low interest rate environment to complete approximately $1.2 billion of debt financings and refinancings, including the issuance of €700 million ($965.2 million) of Eurobonds. Subsequent to quarter end, the company closed on the issuance of €300 million ($413.6 million) of Prologis European Properties Fund II Eurobonds. Additionally, the company redeemed $194.2 million of U.S. senior notes and repaid $239.3 million of secured debt. “The recent credit ratings upgrade from Standard & Poor’s to BBB+ is affirmation of our earnings trajectory, significant liquidity, and our demonstrated commitment to build one of the strongest balance sheets in the REIT sector,” said Thomas S. Olinger, chief financial officer, Prologis. “Our euro-related financings in the first quarter enabled us to increase our U.S. dollar net equity posit",STRUCTURE_PRESERVED_NOT_SOURCE_REVIEWED,0b517a1cc2d87bb18edc65e175533ef6b232be7f54eda1e8474471dbef469698,PENDING,,,
SGT-0018,PLD,0001045609,0001193125-14-151746,2014-04-22T12:08:07.000Z,d713104dex991.htm,TEXT_ATTACHMENT,https://www.sec.gov/Archives/edgar/data/1045609/000119312514151746/d713104dex991.htm,5c3b7ea9b756797145c9be0b4289af23d6fdedc0ced90115fcc96dd707ca403d,4,1,0,EPS,FY2014,UNSPECIFIED,USD_PER_SHARE,0.06,0.12,0.09,,"Copyright © 2014 Prologis 2 CAPITAL MARKETS ACTIVITY STRENGTHENS FINANCIAL POSITION During the first quarter, Prologis took the opportunity to further access the current low interest rate environment to complete approximately $1.2 billion of debt financings and refinancings, including the issuance of €700 million ($965.2 million) of Eurobonds. Subsequent to quarter end, the company closed on the issuance of €300 million ($413.6 million) of Prologis European Properties Fund II Eurobonds. Additionally, the company redeemed $194.2 million of U.S. senior notes and repaid $239.3 million of secured debt. “The recent credit ratings upgrade from Standard & Poor’s to BBB+ is affirmation of our earnings trajectory, significant liquidity, and our demonstrated commitment to build one of the strongest balance sheets in the REIT sector,” said Thomas S. Olinger, chief financial officer, Prologis. “Our euro-related financings in the first quarter enabled us to increase our U.S. dollar net equity posit",STRUCTURE_PRESERVED_NOT_SOURCE_REVIEWED,0b517a1cc2d87bb18edc65e175533ef6b232be7f54eda1e8474471dbef469698,PENDING,,,
SGT-0019,APD,0000002969,0000002969-19-000010,2019-01-25T13:05:05.000Z,exhibit99131dec2018.htm,TEXT_ATTACHMENT,https://www.sec.gov/Archives/edgar/data/2969/000000296919000010/exhibit99131dec2018.htm,e402c770fb253241a73a6f7c60ed888122397a0e97ee75cf12c93f00272bec25,8,1,1,EPS,FY2019,NON_GAAP,USD_PER_SHARE,8.05,8.3,8.175,,"• | Maintaining fiscal 2019 full-year adjusted EPS guidance of $8.05 to $8.30* per share, up 10 percent* at midpoint over prior year; fiscal 2019 second quarter adjusted EPS guidance of $1.80 to $1.90 per share*, up eight percent* at midpoint over fiscal 2018 second quarter",STRUCTURE_PRESERVED_NOT_SOURCE_REVIEWED,0dc1f6c9f853bec12a027b4066121de359afa1d039b1d16625bca17c1a6e1c09,PENDING,,,
SGT-0020,APD,0000002969,0000002969-19-000010,2019-01-25T13:05:05.000Z,exhibit99131dec2018.htm,TEXT_ATTACHMENT,https://www.sec.gov/Archives/edgar/data/2969/000000296919000010/exhibit99131dec2018.htm,e402c770fb253241a73a6f7c60ed888122397a0e97ee75cf12c93f00272bec25,8,1,1,EPS,FY2019,NON_GAAP,USD_PER_SHARE,1.8,1.9,1.85,,"• | Maintaining fiscal 2019 full-year adjusted EPS guidance of $8.05 to $8.30* per share, up 10 percent* at midpoint over prior year; fiscal 2019 second quarter adjusted EPS guidance of $1.80 to $1.90 per share*, up eight percent* at midpoint over fiscal 2018 second quarter",STRUCTURE_PRESERVED_NOT_SOURCE_REVIEWED,0dc1f6c9f853bec12a027b4066121de359afa1d039b1d16625bca17c1a6e1c09,PENDING,,,
SGT-0021,LIN,0001707925,0001654954-23-009714,2023-07-27T10:18:41.000Z,lin_ex991.htm,TEXT_ATTACHMENT,https://www.sec.gov/Archives/edgar/data/1707925/000165495423009714/lin_ex991.htm,22e467c40cf1c3ce046238db68d1627a123911e5dfcd002575254998c4c45088,1,4,2,EPS,FY2023,NON_GAAP,USD_PER_SHARE,13.8,14,13.9,"Sales $8.2 billion, down 3% YoY, underlying up 6% | Operating profit $2.0 billion, adjusted operating profit $2.3 billion, up 15% | Operating profit margin 24.5%; adjusted operating profit margin 27.9%, up 440 basis points | EPS $3.19; adjusted EPS $3.57, up 15% YoY","➢ | Increased full-year 2023 adjusted EPS guidance to $13.80 - $14.00, represents 12% to 14% growth year-over-year",STRUCTURE_PRESERVED_NOT_SOURCE_REVIEWED,10fd10fcbaf0311961ba9ecc5de42db6a98544099a46f2f75f53e2bb20e5a6ab,PENDING,,,
SGT-0022,DUK,0001326160,0001104659-21-080192,2021-06-11T20:33:45.000Z,tm2118184d1_ex99-1.htm,TEXT_ATTACHMENT,https://www.sec.gov/Archives/edgar/data/1326160/000110465921080192/tm2118184d1_ex99-1.htm,c940273ebb647e09d7c696d3a5111e591f381427f651302e9a5e9be30d796189,29,0,1,EPS,Q4-2020,NON_GAAP,USD_PER_SHARE,5,5.3,5.15,,"// 30 // 30 DUKE ENERGY INVESTOR UPDATE – SUMMER 2021 2021 EPS guidance and balance of the year consideration $5.00 - $5.30(1) 2021 Guidance Range 2Q21 3Q21 4Q21 Load O&M timing driven by 2020 mitigation efforts ACP -- -- Other 2020 mitigation timing, including tax optimization -- Q4 2020 storms -- -- SHAPING CONSIDERATIONS COMPARED TO 2020 ON TRACK TO ACHIEVE 2021 EPS GUIDANCE RANGE OF $5.00 - $5.30(1) (1) As most recently reaffirmed in the Q1 2021 Earnings Review and Business Update on May 10, 2021. Based on adjusted EPS.",STRUCTURE_PRESERVED_NOT_SOURCE_REVIEWED,211ce005617dc5661248312aa5567101b4f392a909f88c3bc274abe02c30a4fc,PENDING,,,
SGT-0023,LIN,0001707925,0001654954-22-014269,2022-10-27T10:57:55.000Z,lin_ex991.htm,TEXT_ATTACHMENT,https://www.sec.gov/Archives/edgar/data/1707925/000165495422014269/lin_ex991.htm,670d2e5fe1d8aec6caeec23c2f7ea62a4beba3dd48df939eb44178a08157c81c,1,5,2,EPS,FY2022,NON_GAAP,USD_PER_SHARE,11.93,12.03,11.98,"Sales $8.8 billion, up 15% versus prior-year quarter | Operating profit $1.6 billion; adjusted operating profit $2.0 billion, up 11% | Operating profit margin 18.3%; adjusted operating profit margin 22.8%, up 90 basis points ex. cost pass-through | EPS $2.54; adjusted EPS $3.10, up 14% | Operating cash flow of $2.6 billion, up 3% versus prior-year quarter and 24% sequentially","➢ | Increased full-year 2022 adjusted EPS guidance to $11.93 - $12.03, represents 12% to 13% growth year-over-year, 17% to 18% ex FX",STRUCTURE_PRESERVED_NOT_SOURCE_REVIEWED,2ad6a1db845b9791c67fea19199396613564c3df0386aaceabeda757996c2183,PENDING,,,
SGT-0024,LIN,0001707925,0001654954-24-009830,2024-08-02T10:07:54.000Z,linde_ex991.htm,TEXT_ATTACHMENT,https://www.sec.gov/Archives/edgar/data/1707925/000165495424009830/linde_ex991.htm,960e7a93950df74ce5f262371e394d8f4da46f1183eb43844b4eea8717e262c1,1,4,2,EPS,FY2024,NON_GAAP,USD_PER_SHARE,15.4,15.6,15.5,"Sales $8.3 billion, up 1%, underlying sales up 3% | Operating profit $2.2 billion, adjusted operating profit $2.4 billion, up 6% | Operating profit margin 26.4%; adjusted operating profit margin 29.3%, up 140 basis points | EPS $3.44, up 8%; adjusted EPS $3.85, up 8% YoY",➢ | Full-year 2024 adjusted EPS guidance of $15.40 - $15.60 representing 9% to 11% growth year-over-year excluding FX,STRUCTURE_PRESERVED_NOT_SOURCE_REVIEWED,30d4bf8da641a44b59cb93666591b93b85d179568c5ebf1cc4384e38d8b4e5df,PENDING,,,
SGT-0025,LIN,0001707925,0001654954-25-001186,2025-02-06T11:44:18.000Z,linde_ex991.htm,TEXT_ATTACHMENT,https://www.sec.gov/Archives/edgar/data/1707925/000165495425001186/linde_ex991.htm,3c87dc1982ba872504e7ff7d93dd3c5bed1a202107f89964f612573b0780255a,3,1,2,EPS,FY2025,NON_GAAP,USD_PER_SHARE,16.15,16.55,16.35,"First-quarter 2025 adjusted EPS guidance $3.85 - $3.95, represents 7%-9% growth ex. FX","➢ | Full-year 2025 adjusted EPS guidance $16.15 - $16.55, represents 8%-11% growth ex. FX",STRUCTURE_PRESERVED_NOT_SOURCE_REVIEWED,340c3b3ed982a94a74dfc609fc63eef58bdf36557d86ca4761196ecf55bc3c28,PENDING,,,
SGT-0026,LIN,0001707925,0001654954-23-013397,2023-10-26T10:31:40.000Z,lin_ex991.htm,TEXT_ATTACHMENT,https://www.sec.gov/Archives/edgar/data/1707925/000165495423013397/lin_ex991.htm,761454ea072510f46b85236e39510c0eded1c55aca947b4605207e88a2631b9f,1,4,2,EPS,FY2023,NON_GAAP,USD_PER_SHARE,14,14.1,14.05,"Sales $8.2 billion, down 7% YoY, underlying sales up 3% | Operating profit $2.1 billion; adjusted operating profit $2.3 billion, up 15% | Operating profit margin 25.2%; adjusted operating profit margin 28.3%, up 550 basis points | EPS $3.19 up 26%; adjusted EPS $3.63, up 17% YoY","➢ | Increased full-year 2023 adjusted EPS guidance to $14.00 - $14.10, representing 14% to 15% growth year-over-year",STRUCTURE_PRESERVED_NOT_SOURCE_REVIEWED,3698d115417a25e38f1f8e3dcef331b071c90a309219109a43ba2dbfe7c26299,PENDING,,,
SGT-0027,LIN,0001707925,0001654954-26-004202,2026-05-01T10:47:13.000Z,lin_ex991.htm,TEXT_ATTACHMENT,https://www.sec.gov/Archives/edgar/data/1707925/000165495426004202/lin_ex991.htm,cdc9da9573198b4463f804140dde1017add322a0cdbcb6528c7b6c8c3140ec57,2,4,2,EPS,FY2026,NON_GAAP,USD_PER_SHARE,17.6,17.9,17.75,"Operating profit $2.4 billion, adjusted operating profit $2.6 billion, up 8% | Operating profit margin 27.8%; adjusted operating profit margin 30.0%, down 10 basis points YoY | EPS $3.98, up 13%; adjusted EPS $4.33, up 10% YoY | First-quarter operating cash flow of $2.2 billion, up 4% YoY",➢ | Full-year 2026 adjusted EPS guidance of $17.60 - $17.90 representing 7% to 9% growth,STRUCTURE_PRESERVED_NOT_SOURCE_REVIEWED,3bdf0c62e238502ca0b27290d85893270932849d50d96faf12c0247ca1eb3716,PENDING,,,
SGT-0028,PG,0000080424,0000080424-13-000037,2013-05-14T12:34:35.000Z,gssynposiumslidepresentation.htm,TEXT_ATTACHMENT,https://www.sec.gov/Archives/edgar/data/80424/000008042413000037/gssynposiumslidepresentation.htm,983b14832234ed482dc1f4bdda5a7bd5d93ee2dfa94f82ae1e82334408c6d529,5,1,1,EPS,FY2013,UNSPECIFIED,USD_PER_SHARE,3.9,3.98,3.94,FY 2013 (est.),Diluted Net Earnings Per Share - Continuing Operations | $3.90 to $3.98 | $3.12,STRUCTURE_PRESERVED_NOT_SOURCE_REVIEWED,3f93dbb95352683f3745d63c7b2e813801fb4b534b4a47a0b096be9716b0ce8a,PENDING,,,
SGT-0029,APD,0000002969,0001193125-16-661098,2016-07-28T11:30:34.000Z,d193874dex991.htm,TEXT_ATTACHMENT,https://www.sec.gov/Archives/edgar/data/2969/000119312516661098/d193874dex991.htm,3d4bd930c4b1695ce37a6cc8c1ed3165bd4dadd73e3bb8b88a4c17d19d606a72,6,0,3,EPS,FY2016,NON_GAAP,USD_PER_SHARE,7.45,7.55,7.5,,"• | Increasing fiscal full-year 2016 adjusted EPS from continuing operations guidance to $7.45 to $7.55, which at midpoint, represents an increase of 14 percent over the prior year",STRUCTURE_PRESERVED_NOT_SOURCE_REVIEWED,41de45dde8e3dec94e4f390dca2b94f77c5dc5e7d7c48875a50530cfafe278c5,PENDING,,,
SGT-0030,V,0001403161,0001403161-23-000092,2023-10-24T20:05:35.000Z,q42023earningsrelease.htm,TEXT_ATTACHMENT,https://www.sec.gov/Archives/edgar/data/1403161/000140316123000092/q42023earningsrelease.htm,1fcec6690595e7b001f4aac82816033e664bf6c5a29d09d316fdff944d851f97,11,2,0,EPS,FY2024,NON_GAAP,USD_PER_SHARE,0.03,80,40.015,(1)There were no non-GAAP adjustments made to net revenues in our fiscal full-year 2024 financial outlook and fiscal full-year 2023 financial results.,"(2)Our non-GAAP fiscal full-year 2024 financial outlook for annual operating expense growth and annual diluted Class A common stock earnings per share growth reflect adjustments for the amortization of acquired intangible assets of approximately $150 million and $0.06, respectively, and acquisition-related costs of approximately $80 million and $0.03, respectively. No other 2024 non-GAAP adjustments have been made. | (2)Our non-GAAP fiscal full-year 2024 financial outlook for annual operating expense growth and annual diluted Class A common stock earnings per share growth reflect adjustments for the amortization of acquired intangible assets of approximately $150 million and $0.06, respectively, and acquisition-related costs of approximately $80 million and $0.03, respectively. No other 2024 non-GAAP adjustments have been made. | (2)Our non-GAAP fiscal full-year 2024 financial outlook for annual operating expense growth and annual diluted Class A common stock earnings per share growth ",STRUCTURE_PRESERVED_NOT_SOURCE_REVIEWED,45f6495ef9f3ab57db4b3799a7b4cbe91a1ec7cb6923104475ca3851f8710fa5,PENDING,,,
SGT-0031,CRM,0001108524,0001193125-21-280079,2021-09-23T11:43:31.000Z,d228337dex991.htm,TEXT_ATTACHMENT,https://www.sec.gov/Archives/edgar/data/1108524/000119312521280079/d228337dex991.htm,e325ef58c8bf7a587f7df3b2cf372e79a151183b97fb0da120292441346b0cce,3,2,2,MARGIN,FY2023,GAAP,PERCENT,3,3.5,3.25,Fiscal Year 2023 Guidance,GAAP Operating Margin (1) | ~3.0% - 3.5%,STRUCTURE_PRESERVED_NOT_SOURCE_REVIEWED,f20e31ff96dd799de6a94963fe63be6ec0ecb696615538909050f2dbbaa201dd,PENDING,,,
SGT-0032,V,0001403161,0001193125-12-314435,2012-07-25T20:11:01.000Z,d384121dex992.htm,TEXT_ATTACHMENT,https://www.sec.gov/Archives/edgar/data/1403161/000119312512314435/d384121dex992.htm,a8ea2a590774813193af9d711c6562d1b78a9cd93987af7b0aa00c46fdca5786,14,1,0,MARGIN,FY2012,NON_GAAP,PERCENT,17,18,17.5,,Third Quarter Fiscal 2012 Financial Results 15 Under $1 billion Marketing expenses Financial Metrics for Fiscal Year 2012 Adjusted annual operating margin About 60%* 17% to 18% range Client incentives as % of gross revenues Annual net revenue growth Low double digits *Financial Outlook excludes the impact of the litigation provision of $4.1 billion recorded in Q3 2012. See appendix for reconciliation of adjusted non- GAAP measures to the closest comparable GAAP measures.,STRUCTURE_PRESERVED_NOT_SOURCE_REVIEWED,ff965422754d0971349be6a59093f218800b4e5b9c01d6ff600230921a08c99a,PENDING,,,
SGT-0033,TMUS,0001283699,0001283699-15-000053,2015-10-27T11:41:10.000Z,tmus09302015ex992.htm,TEXT_ATTACHMENT,https://www.sec.gov/Archives/edgar/data/1283699/000128369915000053/tmus09302015ex992.htm,2f932a484f3061a9a37a3abf36beb4a1a69c9bee0187c745d8455a2d4f980001,98,1,1,OPERATING_INCOME,FY2015,NON_GAAP,USD,6800000000,7200000000,7000000000,,"▪ | For full-year 2015, T-Mobile expects Adjusted EBITDA to be in the range of $6.8 to $7.2 billion, which is unchanged from previous guidance despite the increase in branded postpaid net customer additions guidance.",STRUCTURE_PRESERVED_NOT_SOURCE_REVIEWED,09f65a5c4ff56ee2e8a9a14d4a5dcc8e0e10206a87755f8498042be0c3e313e9,PENDING,,,
SGT-0034,TMUS,0001283699,0001283699-18-000044,2018-08-01T20:13:07.000Z,tmus06302018ex992.htm,TEXT_ATTACHMENT,https://www.sec.gov/Archives/edgar/data/1283699/000128369918000044/tmus06302018ex992.htm,8ee0ee5dadfe2a23718a0dd962394b0ea69478664df7da66056abaeb817668db,255,1,1,OPERATING_INCOME,FY2018,NON_GAAP,USD,11500000000,11900000000,11700000000,,"▪ | For the full-year 2018, Adjusted EBITDA is expected to be in the range of $11.5 to $11.9 billion, increased from the prior target range of $11.4 to $11.8 billion. This target excludes future spectrum gains, includes expected leasing revenues of $0.6 - $0.7 billion and takes into account our build out of low band spectrum, including the accelerated rollout of 600MHz spectrum, driving up Cost of Services by $300 to $400 million year-over-year. Including the estimated impact of the new revenue standard, Adjusted EBITDA is expected to increase by an additional $0.2 - $0.5 billion for a total guidance range of $11.7 - $12.4 billion.",STRUCTURE_PRESERVED_NOT_SOURCE_REVIEWED,1c6d37bb70d48783c8250ccf7e7ae854548e0e59e220e1df2002b1c315a8adc0,PENDING,,,
SGT-0035,TMUS,0001283699,0001283699-18-000044,2018-08-01T20:13:07.000Z,tmus06302018ex992.htm,TEXT_ATTACHMENT,https://www.sec.gov/Archives/edgar/data/1283699/000128369918000044/tmus06302018ex992.htm,8ee0ee5dadfe2a23718a0dd962394b0ea69478664df7da66056abaeb817668db,255,1,1,OPERATING_INCOME,FY2018,NON_GAAP,USD,11400000000,11800000000,11600000000,,"▪ | For the full-year 2018, Adjusted EBITDA is expected to be in the range of $11.5 to $11.9 billion, increased from the prior target range of $11.4 to $11.8 billion. This target excludes future spectrum gains, includes expected leasing revenues of $0.6 - $0.7 billion and takes into account our build out of low band spectrum, including the accelerated rollout of 600MHz spectrum, driving up Cost of Services by $300 to $400 million year-over-year. Including the estimated impact of the new revenue standard, Adjusted EBITDA is expected to increase by an additional $0.2 - $0.5 billion for a total guidance range of $11.7 - $12.4 billion.",STRUCTURE_PRESERVED_NOT_SOURCE_REVIEWED,1c6d37bb70d48783c8250ccf7e7ae854548e0e59e220e1df2002b1c315a8adc0,PENDING,,,
SGT-0036,TMUS,0001283699,0001283699-18-000044,2018-08-01T20:13:07.000Z,tmus06302018ex992.htm,TEXT_ATTACHMENT,https://www.sec.gov/Archives/edgar/data/1283699/000128369918000044/tmus06302018ex992.htm,8ee0ee5dadfe2a23718a0dd962394b0ea69478664df7da66056abaeb817668db,255,1,1,OPERATING_INCOME,FY2018,NON_GAAP,USD,600000000,700000000,650000000,,"▪ | For the full-year 2018, Adjusted EBITDA is expected to be in the range of $11.5 to $11.9 billion, increased from the prior target range of $11.4 to $11.8 billion. This target excludes future spectrum gains, includes expected leasing revenues of $0.6 - $0.7 billion and takes into account our build out of low band spectrum, including the accelerated rollout of 600MHz spectrum, driving up Cost of Services by $300 to $400 million year-over-year. Including the estimated impact of the new revenue standard, Adjusted EBITDA is expected to increase by an additional $0.2 - $0.5 billion for a total guidance range of $11.7 - $12.4 billion.",STRUCTURE_PRESERVED_NOT_SOURCE_REVIEWED,1c6d37bb70d48783c8250ccf7e7ae854548e0e59e220e1df2002b1c315a8adc0,PENDING,,,
SGT-0037,TMUS,0001283699,0001283699-18-000044,2018-08-01T20:13:07.000Z,tmus06302018ex992.htm,TEXT_ATTACHMENT,https://www.sec.gov/Archives/edgar/data/1283699/000128369918000044/tmus06302018ex992.htm,8ee0ee5dadfe2a23718a0dd962394b0ea69478664df7da66056abaeb817668db,255,1,1,OPERATING_INCOME,FY2018,NON_GAAP,USD,300000000,400000000,350000000,,"▪ | For the full-year 2018, Adjusted EBITDA is expected to be in the range of $11.5 to $11.9 billion, increased from the prior target range of $11.4 to $11.8 billion. This target excludes future spectrum gains, includes expected leasing revenues of $0.6 - $0.7 billion and takes into account our build out of low band spectrum, including the accelerated rollout of 600MHz spectrum, driving up Cost of Services by $300 to $400 million year-over-year. Including the estimated impact of the new revenue standard, Adjusted EBITDA is expected to increase by an additional $0.2 - $0.5 billion for a total guidance range of $11.7 - $12.4 billion.",STRUCTURE_PRESERVED_NOT_SOURCE_REVIEWED,1c6d37bb70d48783c8250ccf7e7ae854548e0e59e220e1df2002b1c315a8adc0,PENDING,,,
SGT-0038,TMUS,0001283699,0001283699-18-000044,2018-08-01T20:13:07.000Z,tmus06302018ex992.htm,TEXT_ATTACHMENT,https://www.sec.gov/Archives/edgar/data/1283699/000128369918000044/tmus06302018ex992.htm,8ee0ee5dadfe2a23718a0dd962394b0ea69478664df7da66056abaeb817668db,255,1,1,OPERATING_INCOME,FY2018,NON_GAAP,USD,200000000,500000000,350000000,,"▪ | For the full-year 2018, Adjusted EBITDA is expected to be in the range of $11.5 to $11.9 billion, increased from the prior target range of $11.4 to $11.8 billion. This target excludes future spectrum gains, includes expected leasing revenues of $0.6 - $0.7 billion and takes into account our build out of low band spectrum, including the accelerated rollout of 600MHz spectrum, driving up Cost of Services by $300 to $400 million year-over-year. Including the estimated impact of the new revenue standard, Adjusted EBITDA is expected to increase by an additional $0.2 - $0.5 billion for a total guidance range of $11.7 - $12.4 billion.",STRUCTURE_PRESERVED_NOT_SOURCE_REVIEWED,1c6d37bb70d48783c8250ccf7e7ae854548e0e59e220e1df2002b1c315a8adc0,PENDING,,,
SGT-0039,TMUS,0001283699,0001283699-18-000044,2018-08-01T20:13:07.000Z,tmus06302018ex992.htm,TEXT_ATTACHMENT,https://www.sec.gov/Archives/edgar/data/1283699/000128369918000044/tmus06302018ex992.htm,8ee0ee5dadfe2a23718a0dd962394b0ea69478664df7da66056abaeb817668db,255,1,1,OPERATING_INCOME,FY2018,NON_GAAP,USD,11700000000,12400000000,12050000000,,"▪ | For the full-year 2018, Adjusted EBITDA is expected to be in the range of $11.5 to $11.9 billion, increased from the prior target range of $11.4 to $11.8 billion. This target excludes future spectrum gains, includes expected leasing revenues of $0.6 - $0.7 billion and takes into account our build out of low band spectrum, including the accelerated rollout of 600MHz spectrum, driving up Cost of Services by $300 to $400 million year-over-year. Including the estimated impact of the new revenue standard, Adjusted EBITDA is expected to increase by an additional $0.2 - $0.5 billion for a total guidance range of $11.7 - $12.4 billion.",STRUCTURE_PRESERVED_NOT_SOURCE_REVIEWED,1c6d37bb70d48783c8250ccf7e7ae854548e0e59e220e1df2002b1c315a8adc0,PENDING,,,
SGT-0040,TMUS,0001283699,0001283699-16-000098,2016-07-27T11:34:10.000Z,tmus06302016ex992.htm,TEXT_ATTACHMENT,https://www.sec.gov/Archives/edgar/data/1283699/000128369916000098/tmus06302016ex992.htm,94feb5c1001d162fce59922f5401e746c7820524cb8daef239e5f7336d2d1689,111,1,1,OPERATING_INCOME,FY2016,NON_GAAP,USD,9800000000,10100000000,9950000000,,"▪ | For full-year 2016, T-Mobile now expects Adjusted EBITDA to be in the range of $9.8 to $10.1 billion, narrowing the previous guidance range of $9.7 to $10.2 billion. This guidance includes the aggregate impact from leasing and Data Stash now expected to be approximately $0.8 to $1.0 billion, and the spectrum gain of $0.6 billion recognized in the first quarter of 2016.",STRUCTURE_PRESERVED_NOT_SOURCE_REVIEWED,220a0b2b8d7a226ecb6231d63b9183b1e1e3119e1f95adaab14291f94c16aaab,PENDING,,,
SGT-0041,TMUS,0001283699,0001283699-16-000098,2016-07-27T11:34:10.000Z,tmus06302016ex992.htm,TEXT_ATTACHMENT,https://www.sec.gov/Archives/edgar/data/1283699/000128369916000098/tmus06302016ex992.htm,94feb5c1001d162fce59922f5401e746c7820524cb8daef239e5f7336d2d1689,111,1,1,OPERATING_INCOME,FY2016,NON_GAAP,USD,9700000000,10200000000,9950000000,,"▪ | For full-year 2016, T-Mobile now expects Adjusted EBITDA to be in the range of $9.8 to $10.1 billion, narrowing the previous guidance range of $9.7 to $10.2 billion. This guidance includes the aggregate impact from leasing and Data Stash now expected to be approximately $0.8 to $1.0 billion, and the spectrum gain of $0.6 billion recognized in the first quarter of 2016.",STRUCTURE_PRESERVED_NOT_SOURCE_REVIEWED,220a0b2b8d7a226ecb6231d63b9183b1e1e3119e1f95adaab14291f94c16aaab,PENDING,,,
SGT-0042,TMUS,0001283699,0001283699-16-000098,2016-07-27T11:34:10.000Z,tmus06302016ex992.htm,TEXT_ATTACHMENT,https://www.sec.gov/Archives/edgar/data/1283699/000128369916000098/tmus06302016ex992.htm,94feb5c1001d162fce59922f5401e746c7820524cb8daef239e5f7336d2d1689,111,1,1,OPERATING_INCOME,FY2016,NON_GAAP,USD,800000000,1000000000,900000000,,"▪ | For full-year 2016, T-Mobile now expects Adjusted EBITDA to be in the range of $9.8 to $10.1 billion, narrowing the previous guidance range of $9.7 to $10.2 billion. This guidance includes the aggregate impact from leasing and Data Stash now expected to be approximately $0.8 to $1.0 billion, and the spectrum gain of $0.6 billion recognized in the first quarter of 2016.",STRUCTURE_PRESERVED_NOT_SOURCE_REVIEWED,220a0b2b8d7a226ecb6231d63b9183b1e1e3119e1f95adaab14291f94c16aaab,PENDING,,,
SGT-0043,TMUS,0001283699,0001283699-18-000025,2018-05-01T20:09:51.000Z,tmus03312018ex992.htm,TEXT_ATTACHMENT,https://www.sec.gov/Archives/edgar/data/1283699/000128369918000025/tmus03312018ex992.htm,dfa6116132fcf54121716646b324c7fab327cfa97d997750fb2d65060e6d73d7,223,1,1,OPERATING_INCOME,FY2018,NON_GAAP,USD,11400000000,11800000000,11600000000,,"▪ | For the full-year 2018, Adjusted EBITDA is expected to be in the range of $11.4 to $11.8 billion, increased from the initial target range of $11.3 to $11.7 billion. This target excludes future spectrum gains, includes expected leasing revenues of $0.6 - $0.7 billion and takes into account our build out of low band spectrum, including the accelerated rollout of 600MHz spectrum, driving up Cost of Services by $300 to $400 million year-over-year. Including the estimated impact of the new revenue standard, Adjusted EBITDA is expected to increase by an additional $0.2 - $0.5 billion for a total guidance range of $11.6 - $12.3 billion.",STRUCTURE_PRESERVED_NOT_SOURCE_REVIEWED,22468053c5333cf37f1bfc3c409d472efd4928df7b166640de6298376673103a,PENDING,,,
SGT-0044,TMUS,0001283699,0001283699-18-000025,2018-05-01T20:09:51.000Z,tmus03312018ex992.htm,TEXT_ATTACHMENT,https://www.sec.gov/Archives/edgar/data/1283699/000128369918000025/tmus03312018ex992.htm,dfa6116132fcf54121716646b324c7fab327cfa97d997750fb2d65060e6d73d7,223,1,1,OPERATING_INCOME,FY2018,NON_GAAP,USD,11300000000,11700000000,11500000000,,"▪ | For the full-year 2018, Adjusted EBITDA is expected to be in the range of $11.4 to $11.8 billion, increased from the initial target range of $11.3 to $11.7 billion. This target excludes future spectrum gains, includes expected leasing revenues of $0.6 - $0.7 billion and takes into account our build out of low band spectrum, including the accelerated rollout of 600MHz spectrum, driving up Cost of Services by $300 to $400 million year-over-year. Including the estimated impact of the new revenue standard, Adjusted EBITDA is expected to increase by an additional $0.2 - $0.5 billion for a total guidance range of $11.6 - $12.3 billion.",STRUCTURE_PRESERVED_NOT_SOURCE_REVIEWED,22468053c5333cf37f1bfc3c409d472efd4928df7b166640de6298376673103a,PENDING,,,
SGT-0045,TMUS,0001283699,0001283699-18-000025,2018-05-01T20:09:51.000Z,tmus03312018ex992.htm,TEXT_ATTACHMENT,https://www.sec.gov/Archives/edgar/data/1283699/000128369918000025/tmus03312018ex992.htm,dfa6116132fcf54121716646b324c7fab327cfa97d997750fb2d65060e6d73d7,223,1,1,OPERATING_INCOME,FY2018,NON_GAAP,USD,600000000,700000000,650000000,,"▪ | For the full-year 2018, Adjusted EBITDA is expected to be in the range of $11.4 to $11.8 billion, increased from the initial target range of $11.3 to $11.7 billion. This target excludes future spectrum gains, includes expected leasing revenues of $0.6 - $0.7 billion and takes into account our build out of low band spectrum, including the accelerated rollout of 600MHz spectrum, driving up Cost of Services by $300 to $400 million year-over-year. Including the estimated impact of the new revenue standard, Adjusted EBITDA is expected to increase by an additional $0.2 - $0.5 billion for a total guidance range of $11.6 - $12.3 billion.",STRUCTURE_PRESERVED_NOT_SOURCE_REVIEWED,22468053c5333cf37f1bfc3c409d472efd4928df7b166640de6298376673103a,PENDING,,,
SGT-0046,TMUS,0001283699,0001283699-18-000025,2018-05-01T20:09:51.000Z,tmus03312018ex992.htm,TEXT_ATTACHMENT,https://www.sec.gov/Archives/edgar/data/1283699/000128369918000025/tmus03312018ex992.htm,dfa6116132fcf54121716646b324c7fab327cfa97d997750fb2d65060e6d73d7,223,1,1,OPERATING_INCOME,FY2018,NON_GAAP,USD,300000000,400000000,350000000,,"▪ | For the full-year 2018, Adjusted EBITDA is expected to be in the range of $11.4 to $11.8 billion, increased from the initial target range of $11.3 to $11.7 billion. This target excludes future spectrum gains, includes expected leasing revenues of $0.6 - $0.7 billion and takes into account our build out of low band spectrum, including the accelerated rollout of 600MHz spectrum, driving up Cost of Services by $300 to $400 million year-over-year. Including the estimated impact of the new revenue standard, Adjusted EBITDA is expected to increase by an additional $0.2 - $0.5 billion for a total guidance range of $11.6 - $12.3 billion.",STRUCTURE_PRESERVED_NOT_SOURCE_REVIEWED,22468053c5333cf37f1bfc3c409d472efd4928df7b166640de6298376673103a,PENDING,,,
SGT-0047,TMUS,0001283699,0001283699-18-000025,2018-05-01T20:09:51.000Z,tmus03312018ex992.htm,TEXT_ATTACHMENT,https://www.sec.gov/Archives/edgar/data/1283699/000128369918000025/tmus03312018ex992.htm,dfa6116132fcf54121716646b324c7fab327cfa97d997750fb2d65060e6d73d7,223,1,1,OPERATING_INCOME,FY2018,NON_GAAP,USD,200000000,500000000,350000000,,"▪ | For the full-year 2018, Adjusted EBITDA is expected to be in the range of $11.4 to $11.8 billion, increased from the initial target range of $11.3 to $11.7 billion. This target excludes future spectrum gains, includes expected leasing revenues of $0.6 - $0.7 billion and takes into account our build out of low band spectrum, including the accelerated rollout of 600MHz spectrum, driving up Cost of Services by $300 to $400 million year-over-year. Including the estimated impact of the new revenue standard, Adjusted EBITDA is expected to increase by an additional $0.2 - $0.5 billion for a total guidance range of $11.6 - $12.3 billion.",STRUCTURE_PRESERVED_NOT_SOURCE_REVIEWED,22468053c5333cf37f1bfc3c409d472efd4928df7b166640de6298376673103a,PENDING,,,
SGT-0048,BAC,0000070858,0000070858-16-000118,2016-01-19T11:51:37.000Z,bac-12312015ex991.htm,TEXT_ATTACHMENT,https://www.sec.gov/Archives/edgar/data/70858/000007085816000118/bac-12312015ex991.htm,adb5f4da06eafc361386407abf905e8752b952ac748c3711346d12b9d28d6e23,17,10,1,REVENUE,Q4-2015,NON_GAAP,USD,198000000,626000000,412000000,"Noninterest expense, excluding litigation expense, is a non-GAAP financial measure. Noninterest expense on a GAAP basis was $13.9 billion, $13.8 billion and $14.2 billion for the three months ended December 31, 2015, September 30, 2015 and December 31, 2014, respectively. Litigation expense was $428 million, $231 million and $393 million for the three months ended December 31, 2015, September 30, 2015 and December 31, 2014, respectively. | Fully phased-in estimates are non-GAAP financial measure","H | In January 2016, the FASB issued new accounting guidance on recognition and measurement of financial instruments. The Corporation has early adopted, retrospective to January 1, 2015, the provision that requires the Corporation to present unrealized gains/losses resulting from changes in the Corporation's own credit spreads on liabilities accounted for under the fair value option (referred to as debit valuation adjustments, or DVA) in accumulated OCI. The impact of the adoption was to reclassify, as of January 1, 2015, unrealized DVA losses of $2.0B pretax ($1.2B after tax) from January 1, 2015 retained earnings to accumulated OCI. Further, pretax unrealized DVA gains of $301 million, $301 million and $420 million were reclassified from other income to accumulated OCI for Q3-15, Q2-15 and Q1-15, respectively. This had the effect of reducing net income as previously reported for the aforementioned quarters by $187 million, $186 million and $260 million, or approximately $0.02 per qua",STRUCTURE_PRESERVED_NOT_SOURCE_REVIEWED,aab8197843c5a547d20aa27ea1a81c558f0907d9e6ce9f1e01816c99c13aabdb,PENDING,,,
SGT-0049,BAC,0000070858,0000070858-16-000118,2016-01-19T11:51:37.000Z,bac-12312015ex991.htm,TEXT_ATTACHMENT,https://www.sec.gov/Archives/edgar/data/70858/000007085816000118/bac-12312015ex991.htm,adb5f4da06eafc361386407abf905e8752b952ac748c3711346d12b9d28d6e23,17,10,1,REVENUE,Q4-2015,NON_GAAP,USD,190000000,577000000,383500000,"Noninterest expense, excluding litigation expense, is a non-GAAP financial measure. Noninterest expense on a GAAP basis was $13.9 billion, $13.8 billion and $14.2 billion for the three months ended December 31, 2015, September 30, 2015 and December 31, 2014, respectively. Litigation expense was $428 million, $231 million and $393 million for the three months ended December 31, 2015, September 30, 2015 and December 31, 2014, respectively. | Fully phased-in estimates are non-GAAP financial measure","H | In January 2016, the FASB issued new accounting guidance on recognition and measurement of financial instruments. The Corporation has early adopted, retrospective to January 1, 2015, the provision that requires the Corporation to present unrealized gains/losses resulting from changes in the Corporation's own credit spreads on liabilities accounted for under the fair value option (referred to as debit valuation adjustments, or DVA) in accumulated OCI. The impact of the adoption was to reclassify, as of January 1, 2015, unrealized DVA losses of $2.0B pretax ($1.2B after tax) from January 1, 2015 retained earnings to accumulated OCI. Further, pretax unrealized DVA gains of $301 million, $301 million and $420 million were reclassified from other income to accumulated OCI for Q3-15, Q2-15 and Q1-15, respectively. This had the effect of reducing net income as previously reported for the aforementioned quarters by $187 million, $186 million and $260 million, or approximately $0.02 per qua",STRUCTURE_PRESERVED_NOT_SOURCE_REVIEWED,aab8197843c5a547d20aa27ea1a81c558f0907d9e6ce9f1e01816c99c13aabdb,PENDING,,,
SGT-0050,BAC,0000070858,0000070858-16-000118,2016-01-19T11:51:37.000Z,bac-12312015ex991.htm,TEXT_ATTACHMENT,https://www.sec.gov/Archives/edgar/data/70858/000007085816000118/bac-12312015ex991.htm,adb5f4da06eafc361386407abf905e8752b952ac748c3711346d12b9d28d6e23,17,10,1,REVENUE,Q4-2015,NON_GAAP,USD,8000000,49000000,28500000,"Noninterest expense, excluding litigation expense, is a non-GAAP financial measure. Noninterest expense on a GAAP basis was $13.9 billion, $13.8 billion and $14.2 billion for the three months ended December 31, 2015, September 30, 2015 and December 31, 2014, respectively. Litigation expense was $428 million, $231 million and $393 million for the three months ended December 31, 2015, September 30, 2015 and December 31, 2014, respectively. | Fully phased-in estimates are non-GAAP financial measure","H | In January 2016, the FASB issued new accounting guidance on recognition and measurement of financial instruments. The Corporation has early adopted, retrospective to January 1, 2015, the provision that requires the Corporation to present unrealized gains/losses resulting from changes in the Corporation's own credit spreads on liabilities accounted for under the fair value option (referred to as debit valuation adjustments, or DVA) in accumulated OCI. The impact of the adoption was to reclassify, as of January 1, 2015, unrealized DVA losses of $2.0B pretax ($1.2B after tax) from January 1, 2015 retained earnings to accumulated OCI. Further, pretax unrealized DVA gains of $301 million, $301 million and $420 million were reclassified from other income to accumulated OCI for Q3-15, Q2-15 and Q1-15, respectively. This had the effect of reducing net income as previously reported for the aforementioned quarters by $187 million, $186 million and $260 million, or approximately $0.02 per qua",STRUCTURE_PRESERVED_NOT_SOURCE_REVIEWED,aab8197843c5a547d20aa27ea1a81c558f0907d9e6ce9f1e01816c99c13aabdb,PENDING,,,
SGT-0051,TSLA,0001318605,0001193125-13-067177,2013-02-20T21:02:06.000Z,d462441dex991.htm,TEXT_ATTACHMENT,https://www.sec.gov/Archives/edgar/data/1318605/000119312513067177/d462441dex991.htm,ae4e6b69892e23e603b403f974095f7e052e01352bd23b8ab69e463234acf6ce,0,1,2,REVENUE,FY2012,UNSPECIFIED,USD,306000000,500000000,403000000,,"Tesla Motors, Inc. – Fourth Quarter & Full Year 2012 Shareholder Letter • Achieved 20,000 annualized production rate • Record new Model S reservations • Model S unanimously named Motor Trend Car of the Year® • Q4 revenue increases sequentially by 500 % to $306 million • Rapid growth of Model S sales and service network • First profit now expected Q1 2013 versus prior guidance of late 2013",STRUCTURE_PRESERVED_NOT_SOURCE_REVIEWED,bc064e06cdb893694a660a6b351aff1afacc786e49d87127948ec6ca31e2be4b,PENDING,,,
SGT-0052,JPM,0000019617,0000019617-21-000363,2021-07-13T10:45:46.000Z,a2q21erfexhibit991narrative.htm,TEXT_ATTACHMENT,https://www.sec.gov/Archives/edgar/data/19617/000001961721000363/a2q21erfexhibit991narrative.htm,1dca5e59bc505c6cb8eb9ce6fb4d4da130ba6e1d8b376f43fbf480a4f07a81e9,4,1,0,REVENUE,Q2-2019,UNSPECIFIED,USD,40000000000,64000000000,52000000000,,"Jamie Dimon, Chairman and CEO, commented on the financial results: “JPMorgan Chase delivered solid performance across our businesses as we generated over $30 billion in revenue while continuing to make significant investments in technology, people and market expansion. This quarter we once again benefited from a significant reserve release as the environment continues to improve, but as we have said before, we do not consider these core or recurring profits. Our earnings, not including the reserve release, were $9.6 billion. Consumer and wholesale balance sheets remain exceptionally strong as the economic outlook continues to improve. In particular, net charge-offs, down 53%, were better than expected, reflecting the increasingly healthy condition of our customers and clients.”Dimon continued: “In Consumer & Community Banking, combined debit and credit card spend was up 45%, or up 22% versus the more normal, pre-pandemic second quarter of 2019. We saw accelerating growth across categor",STRUCTURE_PRESERVED_NOT_SOURCE_REVIEWED,be960835216a7b2021f49e0f62d262586251c00438add2a4388a2bd005e41872,PENDING,,,
SGT-0053,JPM,0000019617,0000019617-21-000363,2021-07-13T10:45:46.000Z,a2q21erfexhibit991narrative.htm,TEXT_ATTACHMENT,https://www.sec.gov/Archives/edgar/data/19617/000001961721000363/a2q21erfexhibit991narrative.htm,1dca5e59bc505c6cb8eb9ce6fb4d4da130ba6e1d8b376f43fbf480a4f07a81e9,4,1,0,REVENUE,Q2-2019,UNSPECIFIED,USD,12000000000,61000000000,36500000000,,"Jamie Dimon, Chairman and CEO, commented on the financial results: “JPMorgan Chase delivered solid performance across our businesses as we generated over $30 billion in revenue while continuing to make significant investments in technology, people and market expansion. This quarter we once again benefited from a significant reserve release as the environment continues to improve, but as we have said before, we do not consider these core or recurring profits. Our earnings, not including the reserve release, were $9.6 billion. Consumer and wholesale balance sheets remain exceptionally strong as the economic outlook continues to improve. In particular, net charge-offs, down 53%, were better than expected, reflecting the increasingly healthy condition of our customers and clients.”Dimon continued: “In Consumer & Community Banking, combined debit and credit card spend was up 45%, or up 22% versus the more normal, pre-pandemic second quarter of 2019. We saw accelerating growth across categor",STRUCTURE_PRESERVED_NOT_SOURCE_REVIEWED,be960835216a7b2021f49e0f62d262586251c00438add2a4388a2bd005e41872,PENDING,,,
SGT-0054,PLD,0001045609,0001193125-15-136842,2015-04-20T10:12:36.000Z,d912175dex991.htm,TEXT_ATTACHMENT,https://www.sec.gov/Archives/edgar/data/1045609/000119312515136842/d912175dex991.htm,c67249478be50a13f3dfc1cbd6b7b03695f9460241fcba11ff169004827c061c,3,1,0,REVENUE,FY2014,GAAP,USD,195000000,205000000,200000000,,"Copyright © 2015 Prologis 2 CAPITAL MARKETS ACTIVITY INSULATES EARNINGS AND NAV FROM MOVEMENTS IN FOREIGN CURRENCIES Prologis completed $405.2 million of capital markets activity in the quarter and increased its U.S. dollar net equity exposure to 91 percent. “I am very pleased with our financial position, our balance sheet and credit metrics are as strong as they have ever been,” said Tom Olinger, chief financial officer, Prologis. “Additionally, we have effectively hedged the impact of foreign currency movements on our estimated 2015 Core FFO, insulating our earnings and net asset value.” NET EARNINGS Net earnings per diluted share was $0.65 for the first quarter compared with $0.01 for the same period in 2014. GUIDANCE NARROWED AND MIDPOINT RAISED FOR 2015 Guidance for 2015 does not include any impact from the KTR Capital Partners transaction Prologis narrowed its 2015 Core FFO guidance range to $2.07 to $2.13 per diluted share from $2.04 to $2.12 per diluted share representing 12 pe",STRUCTURE_PRESERVED_NOT_SOURCE_REVIEWED,daf5e64c55b7c0bf81725e14cc914d9f5043253a88dd9019001cfa5aae8991c5,PENDING,,,
SGT-0055,PLD,0001045609,0001193125-15-136842,2015-04-20T10:12:36.000Z,d912175dex991.htm,TEXT_ATTACHMENT,https://www.sec.gov/Archives/edgar/data/1045609/000119312515136842/d912175dex991.htm,c67249478be50a13f3dfc1cbd6b7b03695f9460241fcba11ff169004827c061c,3,1,0,REVENUE,FY2014,GAAP,USD,235000000,245000000,240000000,,"Copyright © 2015 Prologis 2 CAPITAL MARKETS ACTIVITY INSULATES EARNINGS AND NAV FROM MOVEMENTS IN FOREIGN CURRENCIES Prologis completed $405.2 million of capital markets activity in the quarter and increased its U.S. dollar net equity exposure to 91 percent. “I am very pleased with our financial position, our balance sheet and credit metrics are as strong as they have ever been,” said Tom Olinger, chief financial officer, Prologis. “Additionally, we have effectively hedged the impact of foreign currency movements on our estimated 2015 Core FFO, insulating our earnings and net asset value.” NET EARNINGS Net earnings per diluted share was $0.65 for the first quarter compared with $0.01 for the same period in 2014. GUIDANCE NARROWED AND MIDPOINT RAISED FOR 2015 Guidance for 2015 does not include any impact from the KTR Capital Partners transaction Prologis narrowed its 2015 Core FFO guidance range to $2.07 to $2.13 per diluted share from $2.04 to $2.12 per diluted share representing 12 pe",STRUCTURE_PRESERVED_NOT_SOURCE_REVIEWED,daf5e64c55b7c0bf81725e14cc914d9f5043253a88dd9019001cfa5aae8991c5,PENDING,,,
