review_id,ticker,cik,accession_number,accepted_at,document_name,source_url,source_sha256,source_kind,block_path,block_text,metric,fiscal_period,accounting_basis,metric_subtype,unit,lower_bound,upper_bound,midpoint,range_offset,range_role,semantic_role,candidate_status,review_priority,review_decision,review_reason,reviewer,reviewed_at
SG2-0001,TMUS,0001283699,0001283699-16-000114,2016-10-24T11:31:50.000Z,tmus09302016ex991.htm,https://www.sec.gov/Archives/edgar/data/1283699/000128369916000114/tmus09302016ex991.htm,f508b3f1c32f69fffb67b9f0bcb788374c53a7f80829e7ad8a21af2d6bda1482,HTML_DIV,/html/body/document/type/sequence/filename/description/text/div[69],"For the full-year 2016, T-Mobile now expects Adjusted EBITDA to be in the range of $10.2 to $10.4 billion, raising and narrowing the previous guidance range of $9.8 to $10.1 billion. This guidance includes the aggregate net impact from",ADJUSTED_EBITDA,FY2016,NON_GAAP,NOT_APPLICABLE,USD,10200000000,10400000000,10300000000,83,CURRENT_CANDIDATE,CURRENT_GUIDANCE_RANGE,V2_STRUCTURE_PARSED_NOT_SOURCE_REVIEWED,0c9a44d9e5ab0bc7bf6cb856b7c27a348ed144b9835bb85c378f04cdd665c3f4,PENDING,,,
SG2-0002,TMUS,0001283699,0001283699-22-000009,2022-02-02T21:03:05.000Z,tmus12312021ex991.htm,https://www.sec.gov/Archives/edgar/data/1283699/000128369922000009/tmus12312021ex991.htm,3acde92b7685cf5b2d52ef7e17c1e761f70baa85fecb1ad0a84541a04fd6b393,HTML_DIV,/html/body/document/type/sequence/filename/description/text/div[19],"•Core Adjusted EBITDA(2) of $5.7 billion in Q4 2021 — $23.6 billion in full-year 2021, exceeded guidance",ADJUSTED_EBITDA,FY2021,NON_GAAP,NOT_APPLICABLE,USD,21000000000,23600000000,22300000000,48,CURRENT_CANDIDATE,CURRENT_GUIDANCE_RANGE,V2_STRUCTURE_PARSED_NOT_SOURCE_REVIEWED,3136323a1796dc874481b214ccf2f16dffd9e9e10c9b71fdf04ee6b8d5789e9f,PENDING,,,
SG2-0003,TMUS,0001283699,0001283699-15-000037,2015-07-30T11:38:05.000Z,tmus06302015ex992.htm,https://www.sec.gov/Archives/edgar/data/1283699/000128369915000037/tmus06302015ex992.htm,9a12f5fbe2dd4736086ec0d8fc42335aeb0e98c534075347064b123eedb3e57b,HTML_DIV,/html/body/document/type/sequence/filename/description/text/table[88]/tr[2]/td[2]/div,"For full-year 2015, T-Mobile expects Adjusted EBITDA to be in the range of $6.8 to $7.2 billion, which is unchanged from previous guidance despite the increase in branded postpaid net customer additions guidance.",ADJUSTED_EBITDA,FY2015,NON_GAAP,NOT_APPLICABLE,USD,6800000000,7200000000,7000000000,75,CURRENT_CANDIDATE,CURRENT_GUIDANCE_RANGE,V2_STRUCTURE_PARSED_NOT_SOURCE_REVIEWED,394298730f7d1227534a83d0d329ac5f453118ff11f9e08ff25a8eb58ad207e3,PENDING,,,
SG2-0004,TMUS,0001283699,0001283699-16-000098,2016-07-27T11:34:10.000Z,tmus06302016ex991.htm,https://www.sec.gov/Archives/edgar/data/1283699/000128369916000098/tmus06302016ex991.htm,b6db9b40a2c1804ec87a02ac803d199fe2161feedaaf3813c963c08918815b7f,HTML_DIV,/html/body/document/type/sequence/filename/description/text/div[71],"For the full-year 2016, T-Mobile now expects Adjusted EBITDA to be in the range of $9.8 to $10.1 billion, narrowing the previous guidance range of $9.7 to $10.2 billion. This guidance includes the aggregate impact from leasing and Data Stash now expected to be approximately $0.8 to $1.0 billion, and the spectrum gain of $0.6 billion recognized in the first quarter of 2016.",ADJUSTED_EBITDA,FY2016,NON_GAAP,NOT_APPLICABLE,USD,9800000000,10100000000,9950000000,83,CURRENT_CANDIDATE,CURRENT_GUIDANCE_RANGE,V2_STRUCTURE_PARSED_NOT_SOURCE_REVIEWED,42a8113ad69e4445274bc013893682411ba14e2d6b63ee5c1cd3c2848c5c03c5,PENDING,,,
SG2-0005,TMUS,0001283699,0001283699-16-000082,2016-04-26T10:18:27.000Z,tmus03312016ex992.htm,https://www.sec.gov/Archives/edgar/data/1283699/000128369916000082/tmus03312016ex992.htm,3b653915ba6d5734e915f0f3703ade9ab7f07f1f1b02599cb6fc7ed2b9659439,HTML_DIV,/html/body/document/type/sequence/filename/description/text/table[96]/tr[2]/td[2]/div,"For full-year 2016, T-Mobile now expects Adjusted EBITDA to be in the range of $9.7 to $10.2 billion, up from previous guidance of $9.1 to $9.7 billion. This guidance includes the aggregate impact from leasing and Data Stash of approximately $0.7 to $1.0 billion, and the spectrum gain of $0.6 billion recognized in the first quarter of 2016.",ADJUSTED_EBITDA,FY2016,NON_GAAP,NOT_APPLICABLE,USD,9700000000,10200000000,9950000000,79,CURRENT_CANDIDATE,CURRENT_GUIDANCE_RANGE,V2_STRUCTURE_PARSED_NOT_SOURCE_REVIEWED,4443a0e4871da6bf8a4533d36dff545a60309aaab2105939211ecb53212f9cda,PENDING,,,
SG2-0006,TMUS,0001283699,0001283699-17-000020,2017-04-24T20:06:10.000Z,tmus03312017ex992.htm,https://www.sec.gov/Archives/edgar/data/1283699/000128369917000020/tmus03312017ex992.htm,b223444dbdb7ae130c1fff89d31e89e5a21e0317df22c86e27bda7aa2611aa5c,HTML_DIV,/html/body/document/type/sequence/filename/description/text/div[153]/div[3]/table[3]/tr[2]/td[2]/div,"For the full-year 2017, T-Mobile expects Adjusted EBITDA to be in the range of $10.4 and $10.8 billion, unchanged from the guidance provided in the prior quarter. This target excludes future spectrum gains and includes expected leasing revenues of $0.8 to $0.9 billion.",ADJUSTED_EBITDA,FY2017,NON_GAAP,NOT_APPLICABLE,USD,10400000000,10800000000,10600000000,79,CURRENT_CANDIDATE,CURRENT_GUIDANCE_RANGE,V2_STRUCTURE_PARSED_NOT_SOURCE_REVIEWED,4465d831732bc2ae9460d53745db795ad0d163082805a542ab113bd88ee6fbc1,PENDING,,,
SG2-0007,TMUS,0001283699,0001283699-15-000016,2015-04-28T11:34:52.000Z,tmus03312015ex992.htm,https://www.sec.gov/Archives/edgar/data/1283699/000128369915000016/tmus03312015ex992.htm,d2c484ed4f3686f4751d8a9e310d7683d457f382e7d094e0bc26360687bdd5d2,HTML_DIV,/html/body/document/type/sequence/filename/description/text/table[86]/tr[2]/td[2]/div,"For full-year 2015, T-Mobile expects Adjusted EBITDA to be in the range of $6.8 to $7.2 billion, which is unchanged from previous guidance despite the increase in branded postpaid net customer additions guidance.",ADJUSTED_EBITDA,FY2015,NON_GAAP,NOT_APPLICABLE,USD,6800000000,7200000000,7000000000,75,CURRENT_CANDIDATE,CURRENT_GUIDANCE_RANGE,V2_STRUCTURE_PARSED_NOT_SOURCE_REVIEWED,4ebd3f18279aeb163d47d164d47c7472bc8c86b8c49e48e1f6515b7bef55c2de,PENDING,,,
SG2-0008,TMUS,0001283699,0001283699-16-000114,2016-10-24T11:31:50.000Z,tmus09302016ex992.htm,https://www.sec.gov/Archives/edgar/data/1283699/000128369916000114/tmus09302016ex992.htm,68a0bb99e37e2924691f5989dbf55c3b3e7da146d66cb1cb52b17e4c51f1e879,HTML_DIV,/html/body/document/type/sequence/filename/description/text/div[126]/div[3]/table[4]/tr[2]/td[2]/div,"For the full-year 2016, T-Mobile now expects Adjusted EBITDA to be in the range of $10.2 to $10.4 billion, raising and narrowing the previous guidance range of $9.8 to $10.1 billion. This guidance includes the aggregate net impact from leasing and Data Stash, now expected to be approximately $1.0 to $1.1 billion, and $0.8 billion related to spectrum gains recognized in the first nine months of 2016.",ADJUSTED_EBITDA,FY2016,NON_GAAP,NOT_APPLICABLE,USD,10200000000,10400000000,10300000000,83,CURRENT_CANDIDATE,CURRENT_GUIDANCE_RANGE,V2_STRUCTURE_PARSED_NOT_SOURCE_REVIEWED,74c253fe717775867c8b186c4f256cbca13c89d7d53fe87b6c7b665288661e3a,PENDING,,,
SG2-0009,TMUS,0001283699,0001283699-17-000042,2017-10-23T11:32:44.000Z,tmus09302017ex992.htm,https://www.sec.gov/Archives/edgar/data/1283699/000128369917000042/tmus09302017ex992.htm,2f0a0c45bb047998c4255f826bba3773879326eeaa85a0358240425e8f7e8d8d,HTML_DIV,/html/body/document/type/sequence/filename/description/text/div[151]/div[3]/table[3]/tr[2]/td[2]/div,"For the full-year 2017, T-Mobile expects Adjusted EBITDA to be in the range of $10.8 to $11.0 billion, raising and narrowing from the guidance provided in the prior quarter of $10.5 to $10.9 billion. This target excludes future spectrum gains and includes expected leasing revenues of $0.85 - $0.95 billion, unchanged from the guidance provided in the prior quarter.",ADJUSTED_EBITDA,FY2017,NON_GAAP,NOT_APPLICABLE,USD,10800000000,11000000000,10900000000,79,CURRENT_CANDIDATE,CURRENT_GUIDANCE_RANGE,V2_STRUCTURE_PARSED_NOT_SOURCE_REVIEWED,7fa37828631e5938a24073cd6aebef66523782cb3b63f7f8489b472b105c4c41,PENDING,,,
SG2-0010,TMUS,0001283699,0001283699-16-000082,2016-04-26T10:18:27.000Z,tmus03312016ex991.htm,https://www.sec.gov/Archives/edgar/data/1283699/000128369916000082/tmus03312016ex991.htm,75474cf071e5849db387ffd346172a7e5ca7c664b30ca5ead3cae0a126be250a,HTML_DIV,/html/body/document/type/sequence/filename/description/text/div[68],"For the full-year 2016, T-Mobile expects Adjusted EBITDA to be in the range of $9.7 to $10.2 billion, up from the previous guidance of $9.1 to $9.7 billion. This guidance includes the aggregate impact from leasing and Data Stash of approximately $0.7 to $1.0 billion, and the spectrum gain of $0.6 billion recognized in the first quarter of 2016.",ADJUSTED_EBITDA,FY2016,NON_GAAP,NOT_APPLICABLE,USD,9700000000,10200000000,9950000000,79,CURRENT_CANDIDATE,CURRENT_GUIDANCE_RANGE,V2_STRUCTURE_PARSED_NOT_SOURCE_REVIEWED,83ff47505c2164d35d7e9046be181bd8e8df7d5b77759c5dcf7adfcee8bf4e9b,PENDING,,,
SG2-0011,TMUS,0001283699,0001283699-22-000009,2022-02-02T21:03:05.000Z,tmus12312021ex992.htm,https://www.sec.gov/Archives/edgar/data/1283699/000128369922000009/tmus12312021ex992.htm,47c576d08c6a7a8d3d897ade8fef8a3958f23e5ff8b1d0050b09033e644af7a0,HTML_DIV,/html/body/document/type/sequence/filename/description/text/div[34],"•Core Adjusted EBITDA(2) of $5.7 billion in Q4 2021 — $23.6 billion in full-year 2021, exceeded guidance",ADJUSTED_EBITDA,FY2021,NON_GAAP,NOT_APPLICABLE,USD,21000000000,23600000000,22300000000,48,CURRENT_CANDIDATE,CURRENT_GUIDANCE_RANGE,V2_STRUCTURE_PARSED_NOT_SOURCE_REVIEWED,9d8b83839a7d51571da753a12b467eebb1f2b070250ae47ea4b538ee63c00fe9,PENDING,,,
SG2-0012,TMUS,0001283699,0001283699-15-000053,2015-10-27T11:41:10.000Z,tmus09302015ex992.htm,https://www.sec.gov/Archives/edgar/data/1283699/000128369915000053/tmus09302015ex992.htm,2f932a484f3061a9a37a3abf36beb4a1a69c9bee0187c745d8455a2d4f980001,HTML_DIV,/html/body/document/type/sequence/filename/description/text/table[87]/tr[2]/td[2]/div,"For full-year 2015, T-Mobile expects Adjusted EBITDA to be in the range of $6.8 to $7.2 billion, which is unchanged from previous guidance despite the increase in branded postpaid net customer additions guidance.",ADJUSTED_EBITDA,FY2015,NON_GAAP,NOT_APPLICABLE,USD,6800000000,7200000000,7000000000,75,CURRENT_CANDIDATE,CURRENT_GUIDANCE_RANGE,V2_STRUCTURE_PARSED_NOT_SOURCE_REVIEWED,c98a9e33228d5546bdcd45537e4955c745e6a4c55c9adfdee236c6904e376bdd,PENDING,,,
SG2-0013,COP,0001163165,0001163165-25-000006,2025-02-06T13:07:47.000Z,cop-20250206x8kexx991.htm,https://www.sec.gov/Archives/edgar/data/1163165/000116316525000006/cop-20250206x8kexx991.htm,b8b24c7eddb8572ceb5cf81423dfc0ed19f175d021ebe4d9b9d113b9603d2eb1,HTML_DIV,/html/body/document/type/sequence/filename/description/text/div[58],"Guidance for 2025 includes capital expenditures of approximately $12.9 billion, adjusted operating costs of $10.9 to $11.1 billion, DD&A of $11.3 to $11.5 billion and adjusted corporate segment net loss of approximately $1.1 billion. Guidance excludes special items.",CAPEX,FY2025,NOT_APPLICABLE,NOT_APPLICABLE,USD,11300000000,11500000000,11400000000,140,CURRENT_CANDIDATE,CURRENT_GUIDANCE_RANGE,V2_STRUCTURE_PARSED_NOT_SOURCE_REVIEWED,0b722564c2602478022c60ec0cc754131497f3cb0ff1ef3ae22ce804b27b6496,PENDING,,,
SG2-0014,COP,0001163165,0001163165-25-000006,2025-02-06T13:07:47.000Z,cop-20250206x8kexx991.htm,https://www.sec.gov/Archives/edgar/data/1163165/000116316525000006/cop-20250206x8kexx991.htm,b8b24c7eddb8572ceb5cf81423dfc0ed19f175d021ebe4d9b9d113b9603d2eb1,HTML_DIV,/html/body/document/type/sequence/filename/description/text/div[58],"Guidance for 2025 includes capital expenditures of approximately $12.9 billion, adjusted operating costs of $10.9 to $11.1 billion, DD&A of $11.3 to $11.5 billion and adjusted corporate segment net loss of approximately $1.1 billion. Guidance excludes special items.",CAPEX,FY2025,NOT_APPLICABLE,NOT_APPLICABLE,USD,10900000000,11100000000,11000000000,108,CURRENT_CANDIDATE,CURRENT_GUIDANCE_RANGE,V2_STRUCTURE_PARSED_NOT_SOURCE_REVIEWED,0ca9c0c255b0bff27b07a858a18a4d2223aaa5de48da9cd654204e1997c489f5,PENDING,,,
SG2-0015,APD,0000002969,0000002969-19-000047,2019-11-07T13:07:21.000Z,exhibit99130sep2019.htm,https://www.sec.gov/Archives/edgar/data/2969/000000296919000047/exhibit99130sep2019.htm,b7d3f50ea0d4417c6e43cdf3ddea930d711cd7dc6e7ca593dc21e48a879cca62,HTML_DIV,/html/body/document/type/sequence/filename/description/text/div[211],"We expect capital expenditures for fiscal year 2020 to be approximately $4 billion to $4.5 billion, including the expected spending for the Jazan gas and power project.",CAPEX,FY2020,NOT_APPLICABLE,NOT_APPLICABLE,USD,4000000000,4500000000,4250000000,72,CURRENT_CANDIDATE,CURRENT_GUIDANCE_RANGE,V2_STRUCTURE_PARSED_NOT_SOURCE_REVIEWED,3c6d65ad6332bc8d434861ce24f0784a378a11f1c4efaf85b8c9f66986c5b9a8,PENDING,,,
SG2-0016,APD,0000002969,0000002969-22-000008,2022-02-04T11:12:32.000Z,exhibit99131dec21.htm,https://www.sec.gov/Archives/edgar/data/2969/000000296922000008/exhibit99131dec21.htm,b73827585268fb71a689b76d1675e9fefbf117db39f51c0700a76dc625049722,HTML_DIV,/html/body/document/type/sequence/filename/description/text/div[160],We expect capital expenditures for fiscal year 2022 to be approximately $4.5 to $5 billion.,CAPEX,FY2022,NOT_APPLICABLE,NOT_APPLICABLE,USD,4500000000,5000000000,4750000000,72,CURRENT_CANDIDATE,CURRENT_GUIDANCE_RANGE,V2_STRUCTURE_PARSED_NOT_SOURCE_REVIEWED,4444c973f2c02face4dd2bc460f1b9c9cda109b2e88c2cd5f2de50ec4d7b053c,PENDING,,,
SG2-0017,LIN,0001707925,0001654954-22-001380,2022-02-10T13:07:00.000Z,lin_ex991.htm,https://www.sec.gov/Archives/edgar/data/1707925/000165495422001380/lin_ex991.htm,3c65976762f566e61e143b646fb691470173f243abb3df9bd4b492cfacd2ea7c,HTML_P,/html/body/document/type/sequence/filename/description/text/p[43],"For the full year 2022, the company expects adjusted diluted earnings per share to be in the range of $11.55 to $11.85, up 8% to 11% versus prior year or 10% to 13% when excluding estimated currency headwinds. Full-year capital expenditures are expected to range between $3.0 billion and $3.5 billion to support operating and growth requirements, including the $13 billion contractual sale of gas and plant backlog. For the first quarter 2022, adjusted earnings per share is expected to be in the range of $2.70 to $2.80, 8% to 12% above prior-year quarter. This range assumes 3% unfavorable currency.",CAPEX,FY2022,NOT_APPLICABLE,NOT_APPLICABLE,USD,3000000000,3500000000,3250000000,271,CURRENT_CANDIDATE,CURRENT_GUIDANCE_RANGE,V2_STRUCTURE_PARSED_NOT_SOURCE_REVIEWED,48d4d04bd0b234db4e4f1918af622ecc177e2bb450153eeaf7afd1ba07830ab9,PENDING,,,
SG2-0018,LIN,0001707925,0001654954-25-001186,2025-02-06T11:44:18.000Z,linde_ex991.htm,https://www.sec.gov/Archives/edgar/data/1707925/000165495425001186/linde_ex991.htm,3c87dc1982ba872504e7ff7d93dd3c5bed1a202107f89964f612573b0780255a,HTML_P,/html/body/document/type/sequence/filename/description/text/p[42],"For the full year 2025, the company expects adjusted diluted earnings per share to be in the range of $16.15 to $16.55, up 4% to 7% versus prior year or 8% to 11% when excluding estimated currency headwinds.  Full-year capital expenditures are expected to range between $5 billion and $5.5 billion to support operating and growth requirements, including the contractual sale of gas backlog.  For the first quarter 2025, adjusted earnings per share is expected to be in the range of $3.85 to $3.95, 3% to 5% above prior-year quarter or 7% to 9% when excluding 4% assumed unfavorable currency.",CAPEX,FY2025,NOT_APPLICABLE,NOT_APPLICABLE,USD,5000000000,5500000000,5250000000,270,CURRENT_CANDIDATE,CURRENT_GUIDANCE_RANGE,V2_STRUCTURE_PARSED_NOT_SOURCE_REVIEWED,574ffcf25dd2632f660b1b651bbe27a3043cd214172c6aa066fc3a3f9d1bd97b,PENDING,,,
SG2-0019,LIN,0001707925,0001654954-23-013397,2023-10-26T10:31:40.000Z,lin_ex991.htm,https://www.sec.gov/Archives/edgar/data/1707925/000165495423013397/lin_ex991.htm,761454ea072510f46b85236e39510c0eded1c55aca947b4605207e88a2631b9f,HTML_P,/html/body/document/type/sequence/filename/description/text/p[22],"For the full year 2023, the company expects adjusted diluted earnings per share to be in the range of $14.00 to $14.10, up 14% to 15% versus prior year and assumes no currency impact. Full-year capital expenditures are expected to be in the range of $3.5 billion to $4.0 billion to support growth and maintenance requirements including the $4.5 billion contractual sale of gas project backlog.",CAPEX,FY2023,NOT_APPLICABLE,NOT_APPLICABLE,USD,3500000000,4000000000,3750000000,250,CURRENT_CANDIDATE,CURRENT_GUIDANCE_RANGE,V2_STRUCTURE_PARSED_NOT_SOURCE_REVIEWED,790ec0833fce01cc01949ab395bffa3955abc8558c20632c59ddcd2b6eb1a94e,PENDING,,,
SG2-0020,LIN,0001707925,0001654954-23-005242,2023-04-27T10:44:06.000Z,lin_ex991.htm,https://www.sec.gov/Archives/edgar/data/1707925/000165495423005242/lin_ex991.htm,79803f332f96c3cf40d4b42148c0f6d54e8815e9fc8ad8e184a0409f7c7440f0,HTML_P,/html/body/document/type/sequence/filename/description/text/p[25],"For the full year 2023, the company expects adjusted diluted earnings per share to be in the range of $13.45 to $13.85, up 9% to 13% versus prior year and assumes no currency impact.  Full-year capital expenditures are expected to be in the range of $3.5 billion to $4.0 billion to support growth and maintenance requirements including the $4.2 billion contractual sale of gas project backlog.",CAPEX,FY2023,NOT_APPLICABLE,NOT_APPLICABLE,USD,3500000000,4000000000,3750000000,250,CURRENT_CANDIDATE,CURRENT_GUIDANCE_RANGE,V2_STRUCTURE_PARSED_NOT_SOURCE_REVIEWED,8af1254d4f7ad3ce6b986490473902b554181a7ace656ddb3fde54af98989a33,PENDING,,,
SG2-0021,APD,0000002969,0000002969-24-000008,2024-02-05T12:51:13.000Z,exhibit99131dec23.htm,https://www.sec.gov/Archives/edgar/data/2969/000000296924000008/exhibit99131dec23.htm,15b4e4d022433f3377ca2366cc7746015dfb9a4f70c20e031ea4ec1fa1e82b18,HTML_DIV,/html/body/document/type/sequence/filename/description/text/div[146],We expect capital expenditures for fiscal year 2024 to be $5.0 billion to $5.5 billion.,CAPEX,FY2024,NOT_APPLICABLE,NOT_APPLICABLE,USD,5000000000,5500000000,5250000000,58,CURRENT_CANDIDATE,CURRENT_GUIDANCE_RANGE,V2_STRUCTURE_PARSED_NOT_SOURCE_REVIEWED,9771c138f8534ac36c8447986b88c57a73245a5ea44baaa6c285c064c6ca668b,PENDING,,,
SG2-0022,BA,0000012927,0000950123-17-006317,2017-07-26T11:54:14.000Z,a201706jun308kpressrelease.htm,https://www.sec.gov/Archives/edgar/data/12927/000095012317006317/a201706jun308kpressrelease.htm,aeb0699ffed554cc4f72fe7fb709fafab2bea3f3ef175e9b237d88e9c378346d,HTML_DIV,/html/body/document/type/sequence/filename/description/text/div[10],"For the full year, GAAP earnings per share guidance increased to between $11.10 and $11.30 from $10.35 and $10.55 and core earnings per share (non-GAAP)* guidance increased to between $9.80 and $10.00 from $9.20 and $9.40, primarily driven by improved performance across the company and a lower-than-expected tax rate. Operating cash flow guidance increased by $1.5 billion to $12.25 billion on solid execution and a cash tax benefit from accelerating pension funding in the third quarter of 2017. Additionally, capital expenditures guidance decreased by $300 million to $2.0 billion.",CAPEX,Q3-2017,NOT_APPLICABLE,NOT_APPLICABLE,USD,2000000000,300000000000,151000000000,555,CURRENT_CANDIDATE,CURRENT_GUIDANCE_RANGE,V2_STRUCTURE_PARSED_NOT_SOURCE_REVIEWED,9994e67a89953c55deb52953b20db3918cf5234b9711ddb06717d4b5eb00c0e8,PENDING,,,
SG2-0023,APD,0000002969,0000002969-22-000024,2022-05-05T11:09:39.000Z,exhibit99131mar22.htm,https://www.sec.gov/Archives/edgar/data/2969/000000296922000024/exhibit99131mar22.htm,2f3a70fe0cd2390133b885f5009d863b0a0fe2d3ed2f5e26514495e149c57d6b,HTML_DIV,/html/body/document/type/sequence/filename/description/text/div[164],We expect capital expenditures for fiscal year 2022 to be approximately $4.5 to $5 billion.,CAPEX,FY2022,NOT_APPLICABLE,NOT_APPLICABLE,USD,4500000000,5000000000,4750000000,72,CURRENT_CANDIDATE,CURRENT_GUIDANCE_RANGE,V2_STRUCTURE_PARSED_NOT_SOURCE_REVIEWED,9c01637f9963ab8b7e1901abd4659d83fde937642f0bc948b439da7034d18529,PENDING,,,
SG2-0024,TSLA,0001318605,0001193125-12-063402,2012-02-15T21:20:58.000Z,d299083dex991.htm,https://www.sec.gov/Archives/edgar/data/1318605/000119312512063402/d299083dex991.htm,c2d45f463f7f5f2138351201a2b6734fd50b46ddcc74cb931e018d72611f6652,HTML_P,/html/body/document/type/sequence/filename/description/text/p[37],"Capital expenditures were about $54 million in Q4 as we continued to build out the Tesla Factory and invest in tooling for Model S. Full year 2011 capex was $198 million, below the low end of our guidance
of between $220 and $245 million.",CAPEX,FY2011,NOT_APPLICABLE,NOT_APPLICABLE,USD,220000000,245000000,232500000,216,CURRENT_CANDIDATE,CURRENT_GUIDANCE_RANGE,V2_STRUCTURE_PARSED_NOT_SOURCE_REVIEWED,baa735770d8140c4c53e47d52ad6c261faeda7c1d65b7f8aba9bf6c17ca35d5f,PENDING,,,
SG2-0025,TMUS,0001283699,0001283699-16-000114,2016-10-24T11:31:50.000Z,tmus09302016ex992.htm,https://www.sec.gov/Archives/edgar/data/1283699/000128369916000114/tmus09302016ex992.htm,68a0bb99e37e2924691f5989dbf55c3b3e7da146d66cb1cb52b17e4c51f1e879,HTML_DIV,/html/body/document/type/sequence/filename/description/text/div[126]/div[3]/table[5]/tr[2]/td[2]/div,"Cash capital expenditures for the full-year 2016 are expected to be in the range of $4.5 to $4.7 billion, narrowing the previous guidance range of $4.5 to $4.8 billion.",CASH_CAPEX,FY2016,NOT_APPLICABLE,UNSPECIFIED,USD,4500000000,4700000000,4600000000,84,CURRENT_CANDIDATE,CURRENT_GUIDANCE_RANGE,V2_STRUCTURE_PARSED_NOT_SOURCE_REVIEWED,0ec30a4b490c9778fa990ef971c9d5c9707956672a2fb59aa6e0c795c73e897d,PENDING,,,
SG2-0026,TMUS,0001283699,0001283699-16-000082,2016-04-26T10:18:27.000Z,tmus03312016ex991.htm,https://www.sec.gov/Archives/edgar/data/1283699/000128369916000082/tmus03312016ex991.htm,75474cf071e5849db387ffd346172a7e5ca7c664b30ca5ead3cae0a126be250a,HTML_DIV,/html/body/document/type/sequence/filename/description/text/div[70],"Cash capital expenditures for full-year 2016 are expected to be in the range of $4.5 to $4.8 billion, unchanged from previous guidance.",CASH_CAPEX,FY2016,NOT_APPLICABLE,UNSPECIFIED,USD,4500000000,4800000000,4650000000,80,CURRENT_CANDIDATE,CURRENT_GUIDANCE_RANGE,V2_STRUCTURE_PARSED_NOT_SOURCE_REVIEWED,1fed400069119a12995c71955731e488ea2f091c548134c56d433547dc02a388,PENDING,,,
SG2-0027,TMUS,0001283699,0001283699-15-000053,2015-10-27T11:41:10.000Z,tmus09302015ex992.htm,https://www.sec.gov/Archives/edgar/data/1283699/000128369915000053/tmus09302015ex992.htm,2f932a484f3061a9a37a3abf36beb4a1a69c9bee0187c745d8455a2d4f980001,HTML_DIV,/html/body/document/type/sequence/filename/description/text/table[88]/tr[2]/td[2]/div,"Cash capital expenditures for full-year 2015 are expected to be in the range of $4.4 to $4.7 billion, which is unchanged from previous guidance.",CASH_CAPEX,FY2015,NOT_APPLICABLE,UNSPECIFIED,USD,4400000000,4700000000,4550000000,80,CURRENT_CANDIDATE,CURRENT_GUIDANCE_RANGE,V2_STRUCTURE_PARSED_NOT_SOURCE_REVIEWED,321bb43039764bb96ff4b19a57682ee30c2743ac3ce1ec17448aeec5a65d07a7,PENDING,,,
SG2-0028,TMUS,0001283699,0001283699-16-000098,2016-07-27T11:34:10.000Z,tmus06302016ex991.htm,https://www.sec.gov/Archives/edgar/data/1283699/000128369916000098/tmus06302016ex991.htm,b6db9b40a2c1804ec87a02ac803d199fe2161feedaaf3813c963c08918815b7f,HTML_DIV,/html/body/document/type/sequence/filename/description/text/div[73],"Cash capital expenditures for full-year 2016 are expected to be in the range of $4.5 to $4.8 billion, unchanged from previous guidance.",CASH_CAPEX,FY2016,NOT_APPLICABLE,UNSPECIFIED,USD,4500000000,4800000000,4650000000,80,CURRENT_CANDIDATE,CURRENT_GUIDANCE_RANGE,V2_STRUCTURE_PARSED_NOT_SOURCE_REVIEWED,4e768d3a827ba828f5be32a2932c16d11677a0c60ae4feacf204094136da98e7,PENDING,,,
SG2-0029,TMUS,0001283699,0001283699-16-000082,2016-04-26T10:18:27.000Z,tmus03312016ex992.htm,https://www.sec.gov/Archives/edgar/data/1283699/000128369916000082/tmus03312016ex992.htm,3b653915ba6d5734e915f0f3703ade9ab7f07f1f1b02599cb6fc7ed2b9659439,HTML_DIV,/html/body/document/type/sequence/filename/description/text/table[97]/tr[2]/td[2]/div,"Cash capital expenditures for full-year 2016 are expected to be in the range of $4.5 to $4.8 billion, unchanged from previous guidance.",CASH_CAPEX,FY2016,NOT_APPLICABLE,UNSPECIFIED,USD,4500000000,4800000000,4650000000,80,CURRENT_CANDIDATE,CURRENT_GUIDANCE_RANGE,V2_STRUCTURE_PARSED_NOT_SOURCE_REVIEWED,503c07270d2448509aa454bc19eb5b6f5550a915ba51d19f09ce3a0b69b6d9bd,PENDING,,,
SG2-0030,TMUS,0001283699,0001283699-19-000105,2019-07-25T20:11:12.000Z,tmus06302019ex992.htm,https://www.sec.gov/Archives/edgar/data/1283699/000128369919000105/tmus06302019ex992.htm,5c6ed5bd195d4a62ae59e8cb717b7754a7e5fa4c93dd4ca5b3517b27ade5d9d2,HTML_DIV,/html/body/document/type/sequence/filename/description/text/div[151]/div[3]/table[1]/tr[2]/td[2]/div,"Capital expenditures: Cash purchases of property and equipment for the full-year 2019, excluding capitalized interest of approximately $400 million, are expected to be in the range of $5.4 to $5.7 billion and cash purchases of property and equipment for the full-year 2019, including capitalized interest, are expected to be in the range of $5.8 to $6.1 billion, with both ranges unchanged from prior guidance. We now expect to be at the very high end of both ranges. Full-year 2019 cash purchases of property and equipment include expenditures for 5G and 600 MHz deployment.",CASH_CAPEX,FY2019,NOT_APPLICABLE,INCLUDING_CAPITALIZED_INTEREST,USD,5800000000,6100000000,5950000000,341,CURRENT_CANDIDATE,CURRENT_GUIDANCE_RANGE,V2_STRUCTURE_PARSED_NOT_SOURCE_REVIEWED,5a8c76fb7939be79b3a7b8b1882ae55e3d62be3850e132bc4c589fc382fe200f,PENDING,,,
SG2-0031,TMUS,0001283699,0001283699-17-000020,2017-04-24T20:06:10.000Z,tmus03312017ex992.htm,https://www.sec.gov/Archives/edgar/data/1283699/000128369917000020/tmus03312017ex992.htm,b223444dbdb7ae130c1fff89d31e89e5a21e0317df22c86e27bda7aa2611aa5c,HTML_DIV,/html/body/document/type/sequence/filename/description/text/div[153]/div[3]/table[4]/tr[2]/td[2]/div,"Cash capital expenditures for the full-year 2017 are expected to be in the range of $4.8 to $5.1 billion, excluding capitalized interest, unchanged from the guidance provided in the prior quarter.",CASH_CAPEX,FY2017,NOT_APPLICABLE,UNSPECIFIED,USD,4800000000,5100000000,4950000000,84,CURRENT_CANDIDATE,CURRENT_GUIDANCE_RANGE,V2_STRUCTURE_PARSED_NOT_SOURCE_REVIEWED,62831a461ac99fbe3a99244fe58bd987ca71ce07ba2fbae44b64b92f9bf64a1b,PENDING,,,
SG2-0032,TMUS,0001283699,0001283699-19-000105,2019-07-25T20:11:12.000Z,tmus06302019ex992.htm,https://www.sec.gov/Archives/edgar/data/1283699/000128369919000105/tmus06302019ex992.htm,5c6ed5bd195d4a62ae59e8cb717b7754a7e5fa4c93dd4ca5b3517b27ade5d9d2,HTML_DIV,/html/body/document/type/sequence/filename/description/text/div[151]/div[3]/table[1]/tr[2]/td[2]/div,"Capital expenditures: Cash purchases of property and equipment for the full-year 2019, excluding capitalized interest of approximately $400 million, are expected to be in the range of $5.4 to $5.7 billion and cash purchases of property and equipment for the full-year 2019, including capitalized interest, are expected to be in the range of $5.8 to $6.1 billion, with both ranges unchanged from prior guidance. We now expect to be at the very high end of both ranges. Full-year 2019 cash purchases of property and equipment include expenditures for 5G and 600 MHz deployment.",CASH_CAPEX,FY2019,NOT_APPLICABLE,EXCLUDING_CAPITALIZED_INTEREST,USD,5400000000,5700000000,5550000000,184,CURRENT_CANDIDATE,CURRENT_GUIDANCE_RANGE,V2_STRUCTURE_PARSED_NOT_SOURCE_REVIEWED,6a476872d8ae67980a9ec7d7d1b8f1644dfd85c7be728796b0e6716fee741639,PENDING,,,
SG2-0033,TMUS,0001283699,0001283699-17-000042,2017-10-23T11:32:44.000Z,tmus09302017ex992.htm,https://www.sec.gov/Archives/edgar/data/1283699/000128369917000042/tmus09302017ex992.htm,2f0a0c45bb047998c4255f826bba3773879326eeaa85a0358240425e8f7e8d8d,HTML_DIV,/html/body/document/type/sequence/filename/description/text/div[151]/div[3]/table[4]/tr[2]/td[2]/div,"Cash purchases of property and equipment for the full-year 2017 are expected to be in the range of $4.8 to $5.1 billion, excluding capitalized interest, unchanged from the guidance provided in the prior quarter, expected to be at the high end of our guidance range as a result of our initial 600 MHz deployment.",CASH_CAPEX,FY2017,NOT_APPLICABLE,UNSPECIFIED,USD,4800000000,5100000000,4950000000,99,CURRENT_CANDIDATE,CURRENT_GUIDANCE_RANGE,V2_STRUCTURE_PARSED_NOT_SOURCE_REVIEWED,6d4f7618847202c0625ffdd5b0f035b59a81ffb4b0b1cfd0c89d784342e8e133,PENDING,,,
SG2-0034,TMUS,0001283699,0001283699-16-000098,2016-07-27T11:34:10.000Z,tmus06302016ex992.htm,https://www.sec.gov/Archives/edgar/data/1283699/000128369916000098/tmus06302016ex992.htm,94feb5c1001d162fce59922f5401e746c7820524cb8daef239e5f7336d2d1689,HTML_DIV,/html/body/document/type/sequence/filename/description/text/table[102]/tr[2]/td[2]/div,"Cash capital expenditures for full-year 2016 are expected to be in the range of $4.5 to $4.8 billion, unchanged from previous guidance.",CASH_CAPEX,FY2016,NOT_APPLICABLE,UNSPECIFIED,USD,4500000000,4800000000,4650000000,80,CURRENT_CANDIDATE,CURRENT_GUIDANCE_RANGE,V2_STRUCTURE_PARSED_NOT_SOURCE_REVIEWED,8b80773182e3c2c4c0ae92b8c02dacd17a15b4114a0d86bbecfbbfae28e79c32,PENDING,,,
SG2-0035,TMUS,0001283699,0001283699-15-000037,2015-07-30T11:38:05.000Z,tmus06302015ex992.htm,https://www.sec.gov/Archives/edgar/data/1283699/000128369915000037/tmus06302015ex992.htm,9a12f5fbe2dd4736086ec0d8fc42335aeb0e98c534075347064b123eedb3e57b,HTML_DIV,/html/body/document/type/sequence/filename/description/text/table[89]/tr[2]/td[2]/div,"Cash capital expenditures for full-year 2015 are expected to be in the range of $4.4 to $4.7 billion, which is unchanged from previous guidance.",CASH_CAPEX,FY2015,NOT_APPLICABLE,UNSPECIFIED,USD,4400000000,4700000000,4550000000,80,CURRENT_CANDIDATE,CURRENT_GUIDANCE_RANGE,V2_STRUCTURE_PARSED_NOT_SOURCE_REVIEWED,b697fdefc77f8952122496851cf32259bfa2ecbe5b15f4852f375eb3ffbf58ce,PENDING,,,
SG2-0036,TMUS,0001283699,0001283699-15-000016,2015-04-28T11:34:52.000Z,tmus03312015ex992.htm,https://www.sec.gov/Archives/edgar/data/1283699/000128369915000016/tmus03312015ex992.htm,d2c484ed4f3686f4751d8a9e310d7683d457f382e7d094e0bc26360687bdd5d2,HTML_DIV,/html/body/document/type/sequence/filename/description/text/table[87]/tr[2]/td[2]/div,"Cash capital expenditures for full-year 2015 are expected to be in the range of $4.4 to $4.7 billion, which is unchanged from previous guidance.",CASH_CAPEX,FY2015,NOT_APPLICABLE,UNSPECIFIED,USD,4400000000,4700000000,4550000000,80,CURRENT_CANDIDATE,CURRENT_GUIDANCE_RANGE,V2_STRUCTURE_PARSED_NOT_SOURCE_REVIEWED,b865d9d8fb3b3e8e12fe07b76e876c362b8ba37fc89231fd97f411eee7bc3dea,PENDING,,,
SG2-0037,PLD,0001045609,0001193125-15-136842,2015-04-20T10:12:36.000Z,d912175dex991.htm,https://www.sec.gov/Archives/edgar/data/1045609/000119312515136842/d912175dex991.htm,c67249478be50a13f3dfc1cbd6b7b03695f9460241fcba11ff169004827c061c,HTML_SINGLE_CELL_ROW,/html/body/document/type/sequence/filename/description/text/div[2]/table/tr[2],"Copyright ©
2015 Prologis
2
CAPITAL MARKETS ACTIVITY INSULATES EARNINGS AND NAV FROM MOVEMENTS 
IN FOREIGN CURRENCIES  
Prologis completed $405.2 million of capital markets activity in the quarter and 
increased its U.S. dollar net equity exposure to 91 percent.  
“I am very pleased with our financial position, our balance sheet and credit 
metrics are as strong as they have ever been,” said Tom Olinger, chief financial 
officer, Prologis. “Additionally, we have effectively hedged the impact of foreign 
currency movements on our estimated 2015 Core FFO, insulating our earnings 
and net asset value.”  
NET EARNINGS
 
Net earnings per diluted share was $0.65 for the first quarter compared with 
$0.01 for the same period in 2014. 
GUIDANCE NARROWED AND MIDPOINT RAISED FOR 2015  
Guidance for 2015 does not include any impact from the KTR Capital Partners 
transaction 
Prologis narrowed its 2015 Core FFO guidance range to $2.07 to $2.13 per diluted 
share from $2.04 to $2.12 per diluted share representing 12 percent growth at the 
midpoint compared with full year 2014. The company expects to recognize net 
earnings, for GAAP purposes, of $0.98 to $1.04 per share. This assumes (on an 
owned and managed basis):  
 
Year-end occupancy between 95.5 and 96.5 percent  
 
GAAP same store NOI growth between 3.75 and 4.50 percent 
 
Development stabilizations between $1.7 and $1.9 billion  
 
Development starts between $2.3 and $2.6 billion  
 
Building acquisitions between $1.0 and $1.5 billion  
 
 Contributions to co-investment ventures between $1.3 and $1.8 billion 
 
Third-party dispositions between $2.1 billion and 2.5 billion  
 
Strategic capital revenue between $195 and $205 million  
 
Net G&A between $235 and $245 million  
The Core FFO and earnings guidance reflected above excludes any potential 
future gains (losses) recognized from real estate transactions. In reconciling 
from net earnings to Core FFO, Prologis makes certain adjustments including 
but not limited to real estate depreciation and amortization expenses, gains 
(losses) recognized from real estate transactions and early extinguishment of  
debt or redemption of preferred stock, impairment charges, deferred taxes 
and unrealized gains or losses on foreign currency or derivative activity.  
The difference between the company's Core FFO and net earnings guidance for 2015 
relates predominantly to real estate depreciation and realized gains or losses on real 
estate transactions.  
NEW WEBCAST & CONFERENCE CALL INFORMATION  
Prologis will host a live webcast and conference call with senior management to 
discuss first quarter results, current market conditions and future outlook on April 
20, at 8 a.m. U.S. Eastern time. Interested parties are encouraged to access the 
webcast by clicking on the Investor Events and Presentations section on  the 
opening page of the Prologis Investor Relations website
(http://ir.prologis.com). Interested parties also can
participate via conference call by dialing +1 877 256 7020 (toll-free from the
U.S. and Canada) or +1 973 409 9692 (from all other countries) and entering conference
code 48765488.  A telephonic replay will be available April 20-May 20 at +1
855 859 2056 (from the U.S. and Canada) or +1 404 537 3406 (from all other countries)
using conference code 48765488. The webcast replay will be posted when available in
the ""Events & Presentations"" section of Investor Relations on the Prologis
website.  ABOUT PROLOGIS  
Prologis, Inc., is the global leader in industrial real estate. As of March 31, 2015, 
Prologis owned or had investments in, on a wholly owned basis or through 
co-investment ventures, properties and development projects expected to total 
approximately 594 million square feet (55 million square meters) in 21 countries. 
The company leases modern distribution facilities to more than 4,700 customers, 
including third-party logistics providers, transportation companies, retailers and 
manufacturers.  
FORWARD-LOOKING STATEMENTS 
The statements in this document that are not historical facts are forward-looking 
statements within the meaning of Section 27A of the Securities Act of 1933, as 
amended, and Section 21E of the Securities Exchange Act of 1934, as amended. 
These forward-looking statements are based on current expectations, estimates and 
projections about the industry and markets in which Prologis operates, 
management’s beliefs and assumptions made by management. Such statements 
involve uncertainties that could significantly impact Prologis’ financial results. Words
 such as “expects,” “anticipates,” “intends,”
“plans,” “believes,” “seeks,” “estimates,”",CORE_FFO,FY2015,NON_GAAP,NOT_APPLICABLE,USD_PER_SHARE,2.07,2.13,2.1,931,CURRENT_CANDIDATE,CURRENT_GUIDANCE_RANGE,V2_STRUCTURE_PARSED_NOT_SOURCE_REVIEWED,1ba2ca849b42574df546eea9c8ccd601ba848f556bb61d942335dc56dc72908d,PENDING,,,
SG2-0038,PLD,0001045609,0001193125-13-407412,2013-10-23T12:06:11.000Z,d615707dex991.htm,https://www.sec.gov/Archives/edgar/data/1045609/000119312513407412/d615707dex991.htm,2a95ae06e433a5cee8d3c6bffdace4cb16024a60179b8cfa47d4c9b4d6d9f6ae,HTML_P,/html/body/document/type/sequence/filename/description/text/p[96],"Prologis narrowed its full-year
2013 Core FFO guidance range to $1.64 to $1.66 per diluted share from $1.63 to $1.67 per diluted share. The company also expects to recognize net earnings, for GAAP purposes, of $0.53 to $0.55 per diluted share.",CORE_FFO,FY2013,GAAP,NOT_APPLICABLE,USD_PER_SHARE,0.53,0.55,0.54,210,CURRENT_CANDIDATE,CURRENT_GUIDANCE_RANGE,V2_STRUCTURE_PARSED_NOT_SOURCE_REVIEWED,28bf2f5783992da49fce4b602a6e5d9c312a558390e20e2b7f3649159e462c14,PENDING,,,
SG2-0039,PLD,0001045609,0001193125-12-045167,2012-02-08T13:06:03.000Z,d296422dex991.htm,https://www.sec.gov/Archives/edgar/data/1045609/000119312512045167/d296422dex991.htm,e1cbcb82a597cafccacb966a4bff1fa7a4db96914d34a1644cba43070e60ffe5,HTML_P,/html/body/document/type/sequence/filename/description/text/p[91],"Prologis established a full-year 2012 Core FFO guidance range of $1.60 to $1.70 per diluted share. The company also
expects to recognize a net loss, on a relative basis, of $(0.35) to $(0.45) per share for 2012. The company’s 2012 guidance assumes an average euro exchange rate of $1.30 and an average yen exchange rate of ¥80 per U.S. dollar.",CORE_FFO,FY2012,NON_GAAP,NOT_APPLICABLE,USD_PER_SHARE,1.6,1.7,1.65,65,CURRENT_CANDIDATE,CURRENT_GUIDANCE_RANGE,V2_STRUCTURE_PARSED_NOT_SOURCE_REVIEWED,68c435eea6cd5d8215c9d2ec4fc6469e747fad15d9f3ecb80760998a70d608c6,PENDING,,,
SG2-0040,PLD,0001045609,0001193125-12-315682,2012-07-26T12:06:16.000Z,d385314dex991.htm,https://www.sec.gov/Archives/edgar/data/1045609/000119312512315682/d385314dex991.htm,22c20a1f68e85389d42e9a50f2b23bcc53cf2627f2ad772792b6610ccc44d5a7,HTML_SINGLE_CELL_ROW,/html/body/document/type/sequence/filename/description/text/div[2]/table/tr[2],"Copyright ©
2012 Prologis
2
Private Capital Activity  
 
During the quarter, Prologis raised $163 million in new third-party equity for  
the Prologis Targeted U.S. Logistics Fund and the Prologis Targeted Europe  
Logistics Fund. In addition, ProLogis European Properties’ (PEPR) unitholders  
approved the liquidation of the fund during its annual meeting held on June 27,  
2012. Prologis currently owns 99.5 percent of the ordinary units and 98.6  
percent of the preferred units of PEPR.  
 
“We had a strong quarter of capital raising for our open-end funds from a  
diverse mix of new and existing investors,” said Guy F. Jaquier, chief executive  
officer, Prologis Private Capital. “This level of activity is demonstrative of the  
continued demand for high-quality industrial real estate around the globe. In  
Japan, we continue to move forward with our development fund and to  
evaluate the optimal structure for our operating assets. In Europe we are  
pleased to be winding up PEPR ahead of schedule and recapitalizing  
PEPR’s high-quality assets over the next several quarters.”  
 
Capital Markets 
 
Prologis completed $1.2 billion of debt financings, re-financings and pay- 
downs, with approximately $989 million related to the REIT and $176 million  
on behalf of our property funds during the quarter.  
 
Significant financing activity during the second quarter included the following:  
 
       Repayment of $449 million of its 2.25
percent convertible notes and $59  million of senior unsecured notes at maturity in the
second quarter, as  previously announced;  
Financings of three TMK bonds of 25.4 billion yen (USD 332 million) with a  
weighted average term of 6.6 years and weighted average rate of 1.21  
percent; and  
Subsequent to quarter end, Prologis closed two transactions for Prologis  
European Properties Fund II, a 40 million pounds sterling (USD 63 million)
 secured facility and a 145 million euro (USD 184 million) senior unsecured  
term loan.  
 
 “We continue to have access to capital markets at attractive rates globally,  
demonstrating the quality of our assets and strength of our global
platform,” said Thomas S. Olinger, chief
financial officer, Prologis. “Excluding the 
impact of fund rationalization activity, we have reduced our share of debt 
by $2.3 billion since the
merger.” 
 
Guidance for 2012   
 
Prologis increased the low end of its full-year 2012 Core FFO guidance range  
to $1.64 to $1.70 per diluted share, up from $1.60 to $1.70 per diluted share.  
The company also expects to recognize net earnings, for GAAP purposes, of  
$0.22 to $0.28 per share. The difference between the company’s Core FFO  
and net earnings guidance for 2012 predominantly relates to real estate  
depreciation, recognized gains on real estate transactions and merger-related  
expenses.   
 
The Core FFO and earnings guidance reflected above excludes any potential  
future gains (losses) recognized from real estate transactions. In reconciling  
from net earnings to Core FFO, Prologis makes certain adjustments, including  
but not limited to real estate depreciation and amortization expense,  
impairment charges, deferred taxes, and unrealized gains or losses on foreign  
currency or derivative activity, as well as transaction and merger costs. 
 
Webcast and Conference Call Information   
 
The company will host a webcast /conference call to discuss quarterly results,  
current market conditions and future outlook today, July 26, 2012, at 12:00 p.m.  
U.S. Eastern Time. Interested parties are encouraged to access the live  
webcast by clicking the microphone icon located near the top of the opening  
 
Interested parties also can participate via conference call by dialing 877-256- 
7020 from the United States and Canada or (+1) 973-409-9692 internationally  
with reservation code 93137132.  
 
A telephonic replay will be available from July 27, 2012, through August 27,  
2012, at 855-859-2056 (from the United States and Canada) or (+1) 404-537- 
3406 (from all other countries), with the reservation code 93137132. The 
webcast and podcast replay will be posted when available in the ""Financial  
Information"" section of the Prologis Investor Relations website.  
 
About Prologis  
 
Prologis, Inc., is the leading owner, operator and developer of industrial real  
estate, focused on global and regional markets across the Americas, Europe  
and Asia. As of June 30, 2012, Prologis owned or had investments in, on a  
consolidated basis or through unconsolidated joint ventures, properties and 
page
of
the
Prologis
Investor
Relations
website
(http://ir.prologis.com).",CORE_FFO,FY2012,GAAP,NOT_APPLICABLE,USD_PER_SHARE,0.22,0.28,0.25,2603,CURRENT_CANDIDATE,CURRENT_GUIDANCE_RANGE,V2_STRUCTURE_PARSED_NOT_SOURCE_REVIEWED,76cd0eda9e5ae48becd6263154b52fd53f6d6e315a86209d2390a9dbafb2d5e4,PENDING,,,
SG2-0041,PLD,0001045609,0001193125-14-379484,2014-10-23T12:06:03.000Z,d809473dex991.htm,https://www.sec.gov/Archives/edgar/data/1045609/000119312514379484/d809473dex991.htm,1620bc5d25241087a35440fc3421b1c5fbde96d76cd1e52aec941d249fcf7725,HTML_P,/html/body/document/type/sequence/filename/description/text/p[70],"GUIDANCE MIDPOINT INCREASED FOR 2014 The statements in this document that are not historical facts are forward looking Prologis increased the midpoint of its full year 2014 Core FFO
guidance, narrowing the statements within the meaning of Section 27A of the Securities Act of 1933, as range to $1.85 to $1.86 per diluted share from $1.82 to $1.86 per diluted share. The amended, and Section 21E of the Securities Exchange Act of
1934, as amended. These company expects to recognize net earnings, for GAAP purposes, of $0.49 to $0.50 per forward looking statements are based on current expectations, estimates and share. projections about the industry and markets in which
Prologis operates, management’s beliefs and assumptions made by management. Such statements involve The Core FFO and earnings guidance reflected above excludes any potential future uncertainties that could significantly impact Prologis’
financial results. Words such as gains (losses) recognized from real estate transactions. In reconciling from net “expects,” “anticipates,” “intends,” “plans,” “believes,” “seeks,”
“estimates,” earnings to Core FFO, Prologis makes certain adjustments, including but not limited to variations of such words and similar expressions are intended to identify such real estate depreciation and amortization expense, gains
(losses) recognized from real forward looking statements, which generally are not historical in nature. All estate transactions and early extinguishment of debt or redemption of preferred statements that address operating performance, events or
developments that we stock, impairment charges, deferred taxes and unrealized gains or losses on foreign expect or anticipate will occur in the future — including statements relating to rent currency or derivative activity. and occupancy
growth, development activity and changes in sales or contribution volume of properties, disposition activity, general conditions in the geographic areas The difference between the company’s Core FFO and net earnings guidance for 2014 where we
operate, our debt and financial position, our ability to form new co predominantly relates to real estate depreciation and recognized gains or losses on investment ventures and the availability of capital in existing or new co investment real estate
transactions and early extinguishment of debt. ventures — are forward looking statements. These statements are not guarantees of future performance and involve certain risks, uncertainties and assumptions that are WEBCAST & CONFERENCE CALL
INFORMATION difficult to predict. Although we believe the expectations reflected in any forward Prologis will host a live webcast/conference call to discuss quarterly results, current looking statements are based on reasonable assumptions, we can
give no assurance market conditions and future outlook today, Oct. 23, at 12 p.m. U.S. Eastern Time. that our expectations will be attained and therefore, actual outcomes and results may Interested parties are encouraged to access the webcast by
clicking the microphone differ materially from what is expressed or forecasted in such forward looking icon located near the top of the opening page of the Prologis Investor Relations statements. Some of the factors that may affect outcomes and
results include, but are website (http://ir.prologis.com). Interested parties also can participate via conference not limited to: (i) national, international, regional and local economic climates, (ii) call by dialing +1 877 256 7020 (toll free from
the U.S. and Canada) or +1 973 409 changes in financial markets, interest rates and foreign currency exchange rates, (iii) 9692 (from all other countries) and entering conference code 48765485. increased or unanticipated competition for our
properties, (iv) risks associated with",CORE_FFO,FY2014,NON_GAAP,NOT_APPLICABLE,USD_PER_SHARE,1.85,1.86,1.855,294,CURRENT_CANDIDATE,CURRENT_GUIDANCE_RANGE,V2_STRUCTURE_PARSED_NOT_SOURCE_REVIEWED,a01f6aecce81b6632f3892645c1f3b315155aec56952db944f5738c06b9db38a,PENDING,,,
SG2-0042,PLD,0001045609,0001193125-12-315682,2012-07-26T12:06:16.000Z,d385314dex991.htm,https://www.sec.gov/Archives/edgar/data/1045609/000119312512315682/d385314dex991.htm,22c20a1f68e85389d42e9a50f2b23bcc53cf2627f2ad772792b6610ccc44d5a7,HTML_SINGLE_CELL_ROW,/html/body/document/type/sequence/filename/description/text/div[2]/table/tr[2],"Copyright ©
2012 Prologis
2
Private Capital Activity  
 
During the quarter, Prologis raised $163 million in new third-party equity for  
the Prologis Targeted U.S. Logistics Fund and the Prologis Targeted Europe  
Logistics Fund. In addition, ProLogis European Properties’ (PEPR) unitholders  
approved the liquidation of the fund during its annual meeting held on June 27,  
2012. Prologis currently owns 99.5 percent of the ordinary units and 98.6  
percent of the preferred units of PEPR.  
 
“We had a strong quarter of capital raising for our open-end funds from a  
diverse mix of new and existing investors,” said Guy F. Jaquier, chief executive  
officer, Prologis Private Capital. “This level of activity is demonstrative of the  
continued demand for high-quality industrial real estate around the globe. In  
Japan, we continue to move forward with our development fund and to  
evaluate the optimal structure for our operating assets. In Europe we are  
pleased to be winding up PEPR ahead of schedule and recapitalizing  
PEPR’s high-quality assets over the next several quarters.”  
 
Capital Markets 
 
Prologis completed $1.2 billion of debt financings, re-financings and pay- 
downs, with approximately $989 million related to the REIT and $176 million  
on behalf of our property funds during the quarter.  
 
Significant financing activity during the second quarter included the following:  
 
       Repayment of $449 million of its 2.25
percent convertible notes and $59  million of senior unsecured notes at maturity in the
second quarter, as  previously announced;  
Financings of three TMK bonds of 25.4 billion yen (USD 332 million) with a  
weighted average term of 6.6 years and weighted average rate of 1.21  
percent; and  
Subsequent to quarter end, Prologis closed two transactions for Prologis  
European Properties Fund II, a 40 million pounds sterling (USD 63 million)
 secured facility and a 145 million euro (USD 184 million) senior unsecured  
term loan.  
 
 “We continue to have access to capital markets at attractive rates globally,  
demonstrating the quality of our assets and strength of our global
platform,” said Thomas S. Olinger, chief
financial officer, Prologis. “Excluding the 
impact of fund rationalization activity, we have reduced our share of debt 
by $2.3 billion since the
merger.” 
 
Guidance for 2012   
 
Prologis increased the low end of its full-year 2012 Core FFO guidance range  
to $1.64 to $1.70 per diluted share, up from $1.60 to $1.70 per diluted share.  
The company also expects to recognize net earnings, for GAAP purposes, of  
$0.22 to $0.28 per share. The difference between the company’s Core FFO  
and net earnings guidance for 2012 predominantly relates to real estate  
depreciation, recognized gains on real estate transactions and merger-related  
expenses.   
 
The Core FFO and earnings guidance reflected above excludes any potential  
future gains (losses) recognized from real estate transactions. In reconciling  
from net earnings to Core FFO, Prologis makes certain adjustments, including  
but not limited to real estate depreciation and amortization expense,  
impairment charges, deferred taxes, and unrealized gains or losses on foreign  
currency or derivative activity, as well as transaction and merger costs. 
 
Webcast and Conference Call Information   
 
The company will host a webcast /conference call to discuss quarterly results,  
current market conditions and future outlook today, July 26, 2012, at 12:00 p.m.  
U.S. Eastern Time. Interested parties are encouraged to access the live  
webcast by clicking the microphone icon located near the top of the opening  
 
Interested parties also can participate via conference call by dialing 877-256- 
7020 from the United States and Canada or (+1) 973-409-9692 internationally  
with reservation code 93137132.  
 
A telephonic replay will be available from July 27, 2012, through August 27,  
2012, at 855-859-2056 (from the United States and Canada) or (+1) 404-537- 
3406 (from all other countries), with the reservation code 93137132. The 
webcast and podcast replay will be posted when available in the ""Financial  
Information"" section of the Prologis Investor Relations website.  
 
About Prologis  
 
Prologis, Inc., is the leading owner, operator and developer of industrial real  
estate, focused on global and regional markets across the Americas, Europe  
and Asia. As of June 30, 2012, Prologis owned or had investments in, on a  
consolidated basis or through unconsolidated joint ventures, properties and 
page
of
the
Prologis
Investor
Relations
website
(http://ir.prologis.com).",CORE_FFO,FY2012,NON_GAAP,NOT_APPLICABLE,USD_PER_SHARE,1.64,1.7,1.67,2449,CURRENT_CANDIDATE,CURRENT_GUIDANCE_RANGE,V2_STRUCTURE_PARSED_NOT_SOURCE_REVIEWED,ae0aed7c00fcd761a81a9a1f051fd93405a405c99df0f8bceaecbece387c58ba,PENDING,,,
SG2-0043,PLD,0001045609,0001193125-13-407412,2013-10-23T12:06:11.000Z,d615707dex991.htm,https://www.sec.gov/Archives/edgar/data/1045609/000119312513407412/d615707dex991.htm,2a95ae06e433a5cee8d3c6bffdace4cb16024a60179b8cfa47d4c9b4d6d9f6ae,HTML_P,/html/body/document/type/sequence/filename/description/text/p[96],"Prologis narrowed its full-year
2013 Core FFO guidance range to $1.64 to $1.66 per diluted share from $1.63 to $1.67 per diluted share. The company also expects to recognize net earnings, for GAAP purposes, of $0.53 to $0.55 per diluted share.",CORE_FFO,FY2013,NON_GAAP,NOT_APPLICABLE,USD_PER_SHARE,1.64,1.66,1.65,64,CURRENT_CANDIDATE,CURRENT_GUIDANCE_RANGE,V2_STRUCTURE_PARSED_NOT_SOURCE_REVIEWED,c90aee2684761a5125e0bdb4ea59205f9ef20c4ffb3a6cab059af0764ee28399,PENDING,,,
SG2-0044,LLY,0000059478,0000059478-15-000159,2015-07-23T12:26:52.000Z,q215lillysalesandearningsp.htm,https://www.sec.gov/Archives/edgar/data/59478/000005947815000159/q215lillysalesandearningsp.htm,c72ed6e55a1865a2c1df201cbefbeab90097d1cc8f9b63eeb7d0fbbc839cec30,HTML_DIV,/html/body/document/type/sequence/filename/description/text/div[151],"The company has revised certain elements of its 2015 financial guidance on a reported basis and on a non-GAAP basis. Full-year 2015 earnings per share are now expected to be in the range of $2.20 to $2.30 on a reported basis. On a non-GAAP basis, full-year 2015 earnings per share are now expected to be in the range of $3.20 to $3.30.",EPS,FY2015,UNSPECIFIED,NOT_APPLICABLE,USD_PER_SHARE,3.2,3.3,3.25,320,CURRENT_CANDIDATE,CURRENT_GUIDANCE_RANGE,V2_STRUCTURE_PARSED_NOT_SOURCE_REVIEWED,047488b209004449f3b160b58e68b1498afc74f4152dc06914c1134c119653aa,PENDING,,,
SG2-0045,BA,0000012927,0001193125-12-432346,2012-10-24T11:37:53.000Z,d426161dex991.htm,https://www.sec.gov/Archives/edgar/data/12927/000119312512432346/d426161dex991.htm,fd055eb7cdc8a276cf3398b47afc422a94506eddf62406cc0d2a71b3fdd13fa5,HTML_P,/html/body/document/type/sequence/filename/description/text/p[68],"Earnings per share guidance for 2012 increased to between $4.80 and $4.95, up from between $4.40
and $4.60, reflecting the strong core operating performance. Total company 2012 revenue increased to between $80.5 and $82 billion, from between $79.5 and $81.5 billion, on higher Defense, Space & Security revenues. Operating cash flow
guidance for 2012 is now expected to be greater than $5.5 billion, up from greater than $5 billion.",EPS,FY2012,UNSPECIFIED,NOT_APPLICABLE,USD_PER_SHARE,4.8,4.95,4.875,58,CURRENT_CANDIDATE,CURRENT_GUIDANCE_RANGE,V2_STRUCTURE_PARSED_NOT_SOURCE_REVIEWED,05933a9a2ba542b761f637de8b4535fdbd7de440551867294fe74690527ee0de,PENDING,,,
SG2-0046,BA,0000012927,0000950123-14-010390,2014-10-22T11:51:39.000Z,a201409sep308kpressrelease.htm,https://www.sec.gov/Archives/edgar/data/12927/000095012314010390/a201409sep308kpressrelease.htm,44fe702277c9f2ca5328523e4653ca640311fdc1a656f3b9c828ed5d70e444bf,HTML_DIV,/html/body/document/type/sequence/filename/description/text/div[8],"Core earnings per share guidance for 2014 increased to between $8.10 and $8.30, from $7.90 to $8.10 on continued strong operating performance. GAAP earnings per share guidance for 2014 increased to between $6.90 and $7.10, from $6.85 to $7.05. Operating cash flow before pension contributions* guidance increased to greater than $7 billion. Commercial Airplanes operating margin guidance increased to approximately 10.5 percent.",EPS,FY2014,UNSPECIFIED,NOT_APPLICABLE,USD_PER_SHARE,6.9,7.1,7,206,CURRENT_CANDIDATE,CURRENT_GUIDANCE_RANGE,V2_STRUCTURE_PARSED_NOT_SOURCE_REVIEWED,05a18891902782de5e42d82901d3133b627c9fad7c95df6f7b04a35ac62f307e,PENDING,,,
SG2-0047,PG,0000080424,0000080424-14-000082,2014-11-13T12:47:33.000Z,analyst14meetingpressrelease.htm,https://www.sec.gov/Archives/edgar/data/80424/000008042414000082/analyst14meetingpressrelease.htm,e22fa7a2738e00bdda8056e799bc031a0f129fa3499f6f12c672d43e8eefeb6c,HTML_DIV,/html/body/document/type/sequence/filename/description/text/div/div[19],"Based on the signing of the contract to exit the Duracell business, P&G will restate Batteries results to discontinued operations effective with the reporting of October-December 2014 quarterly results.  The Company expects to restate earnings per share of approximately $0.12 to $0.14 to discontinued operations for fiscal year 2014.   All-in GAAP earnings per share are not affected by the restatements.",EPS,FY2014,UNSPECIFIED,NOT_APPLICABLE,USD_PER_SHARE,0.12,0.14,0.13,271,CURRENT_CANDIDATE,CURRENT_GUIDANCE_RANGE,V2_STRUCTURE_PARSED_NOT_SOURCE_REVIEWED,09ad6b77308f14d935bc0959bba13fbbd6e2a454cba80cc9006ab5b96f9c8c33,PENDING,,,
SG2-0048,APD,0000002969,0000002969-24-000008,2024-02-05T12:51:13.000Z,exhibit99131dec23.htm,https://www.sec.gov/Archives/edgar/data/2969/000000296924000008/exhibit99131dec23.htm,15b4e4d022433f3377ca2366cc7746015dfb9a4f70c20e031ea4ec1fa1e82b18,HTML_DIV,/html/body/document/type/sequence/filename/description/text/div[42],"Air Products now expects full-year fiscal 2024 adjusted EPS guidance* of $12.20 to $12.50, up six to nine percent over prior year adjusted EPS. For the second quarter of fiscal 2024, Air Products' adjusted EPS guidance* is $2.60 to $2.75.",EPS,Q2-2024,NON_GAAP,NOT_APPLICABLE,USD_PER_SHARE,2.6,2.75,2.675,223,CURRENT_CANDIDATE,CURRENT_GUIDANCE_RANGE,V2_STRUCTURE_PARSED_NOT_SOURCE_REVIEWED,0c4b90b5a204c13457d97d1caa8d6585e8c0cbf91d67a4fc0e5903e01a36c820,PENDING,,,
SG2-0049,WMT,0000104169,0000104169-18-000103,2018-11-15T12:00:28.000Z,earningspresentation1031.htm,https://www.sec.gov/Archives/edgar/data/104169/000010416918000103/earningspresentation1031.htm,3cbbdf56b42fba89315802f0cfdf69f8153a708e39db803fc3dd73d2f1b7346b,HTML_DIV,/html/body/document/type/sequence/filename/description/text/div/div/div[3]/div[1],"Fiscal Year 2019 Guidance Update GAAP EPS $2.26 to $2.36 Adjusted EPS1 $4.75 to $4.85 U.S. Walmart U.S. comp sales2 of at least 3% 1 See press release at www.stock.walmart.com and additional information at the end of this presentation regarding non-GAAP financial measures. 2 52-week period ending January 25, 2019, and excludes fuel. 3",EPS,FY2019,GAAP,NOT_APPLICABLE,USD_PER_SHARE,4.75,4.85,4.8,71,CURRENT_CANDIDATE,CURRENT_GUIDANCE_RANGE,V2_STRUCTURE_PARSED_NOT_SOURCE_REVIEWED,0ee19a0078b48d88ff54e2682a7356a34370bc910a77d0560f572ba5677b258d,PENDING,,,
SG2-0050,ABBV,0001551152,0001551152-18-000029,2018-07-27T11:43:10.000Z,abbv-20180630xexhibit991.htm,https://www.sec.gov/Archives/edgar/data/1551152/000155115218000029/abbv-20180630xexhibit991.htm,0dd29cb021218e45193af071a9391b5da5ab24ebc0655fd10b05179bd7ed43e2,HTML_DIV,/html/body/document/type/sequence/filename/description/text/div[91],"AbbVie is updating its GAAP diluted EPS guidance for the full-year 2018 to $6.47 to $6.57. AbbVie is raising its adjusted EPS guidance range for the full-year 2018 from $7.66 to $7.76 to $7.76 to $7.86. The midpoint of this guidance reflects year-over-year growth of 39.5 percent. The company’s 2018 adjusted diluted EPS guidance excludes $1.29 per share of intangible asset amortization expense, changes in the fair value of contingent consideration, a one-time net tax benefit related to the timing of the phase in of provisions of the U.S. tax reform legislation on certain subsidiaries, and other specified items.",EPS,FY2018,GAAP,NOT_APPLICABLE,USD_PER_SHARE,6.47,18,12.235,68,CURRENT_CANDIDATE,CURRENT_GUIDANCE_RANGE,V2_STRUCTURE_PARSED_NOT_SOURCE_REVIEWED,110214cd00f047cfc74d773d8905cc58da2adea261a1ac358aeff078d8b7d99a,PENDING,,,
SG2-0051,LIN,0001707925,0001654954-23-013397,2023-10-26T10:31:40.000Z,lin_ex991.htm,https://www.sec.gov/Archives/edgar/data/1707925/000165495423013397/lin_ex991.htm,761454ea072510f46b85236e39510c0eded1c55aca947b4605207e88a2631b9f,HTML_P,/html/body/document/type/sequence/filename/description/text/table[2]/tr[5]/td[3]/p,"Increased full-year 2023 adjusted EPS guidance to $14.00 - $14.10, representing 14% to 15% growth year-over-year",EPS,FY2023,NON_GAAP,NOT_APPLICABLE,USD_PER_SHARE,14,14.1,14.05,50,CURRENT_CANDIDATE,CURRENT_GUIDANCE_RANGE,V2_STRUCTURE_PARSED_NOT_SOURCE_REVIEWED,1dd89da99b741a7ec499f848e217b1697b578ba49dc45e8b956a4589517ec56a,PENDING,,,
SG2-0052,SO,0000092122,0000092122-22-000005,2022-02-17T13:12:27.000Z,ex9901-pressreleaseq42021.htm,https://www.sec.gov/Archives/edgar/data/92122/000009212222000005/ex9901-pressreleaseq42021.htm,daf4813ae1222716153cd476df3ed3e6f4fac56eea35b7f511c60509f22a9470,HTML_DIV,/html/body/document/type/sequence/filename/description/text/div[22],"Southern Company’s adjusted earnings guidance range for 2022 is $3.50 to $3.60 per share. In the first quarter of 2022, management estimates Southern Company adjusted earnings per share will be 90 cents. Management continues to project a long-term adjusted earnings per share growth rate for Southern Company in the 5% to 7% range, consistent with adjusted earnings in a range of $4.00 to $4.30 per share in 2024.",EPS,Q1-2022,UNSPECIFIED,NOT_APPLICABLE,USD_PER_SHARE,4,4.3,4.15,380,CURRENT_CANDIDATE,CURRENT_GUIDANCE_RANGE,V2_STRUCTURE_PARSED_NOT_SOURCE_REVIEWED,3506fcf81c0778a69b87bb1803b5b6bcacf5faf6cf4542ebb8b855edfd987152,PENDING,,,
SG2-0053,DUK,0001326160,0001193125-15-279854,2015-08-06T11:09:37.000Z,d42737dex991.htm,https://www.sec.gov/Archives/edgar/data/1326160/000119312515279854/d42737dex991.htm,2b8204b702ed10ba9fd0964d71b81a6c34438ee0ecbc8e0f51fcd3658ecd0152,HTML_P,/html/body/document/type/sequence/filename/description/text/p[14],"Year-to-date adjusted diluted EPS through the second quarter of 2015 is in line with the company’s expectations.
The company remains on track to achieve its 2015 adjusted diluted earnings guidance range of $4.55 to $4.75 per share.",EPS,Q2-2015,NON_GAAP,NOT_APPLICABLE,USD_PER_SHARE,4.55,4.75,4.65,206,CURRENT_CANDIDATE,CURRENT_GUIDANCE_RANGE,V2_STRUCTURE_PARSED_NOT_SOURCE_REVIEWED,5e0e7c351f51983a553553ecf7cd4346184b5fa53e7e15c85d7c753409bd35ee,PENDING,,,
SG2-0054,MRK,0000310158,0001104659-16-135167,2016-07-29T10:58:31.000Z,a16-15640_1ex99d1.htm,https://www.sec.gov/Archives/edgar/data/310158/000110465916135167/a16-15640_1ex99d1.htm,353989d86d9bc8c174066287aedbd75662db1a8e114c64ad2edbb9497959908c,HTML_P,/html/body/document/type/sequence/filename/description/text/div[1]/p[13],·                  Company Updates EPS Guidance: Full-Year 2016 GAAP EPS Range to be Between $1.98 and $2.08; Full-Year 2016 Non-GAAP EPS Range of $3.67 to $3.77,EPS,FY2016,NON_GAAP,NOT_APPLICABLE,USD_PER_SHARE,1.98,2.08,2.03,93,CURRENT_CANDIDATE,CURRENT_GUIDANCE_RANGE,V2_STRUCTURE_PARSED_NOT_SOURCE_REVIEWED,98eaf45ea9a853ac85d7bd11bb6a8bdabe3ce0fbba699dfaf75906ba3404ea0e,PENDING,,,
SG2-0055,JNJ,0000200406,0000200406-25-000003,2025-01-22T11:35:57.000Z,a2024q4exhibit991.htm,https://www.sec.gov/Archives/edgar/data/200406/000020040625000003/a2024q4exhibit991.htm,ce7836c4b3d934fc8a87de3e4050c9f51becdf7e23f8e7ff3abd7c079bdcd727,HTML_DIV,/html/body/document/type/sequence/filename/description/text/div[13],"•Company issues guidance for 2025 with operational sales5 growth of 2.5% - 3.5%* and adjusted operational EPS of $10.75 - $10.95, reflecting strong growth of 8.7%* at the mid-point",EPS,FY2025,UNSPECIFIED,NOT_APPLICABLE,USD_PER_SHARE,10.75,10.95,10.85,113,CURRENT_CANDIDATE,CURRENT_GUIDANCE_RANGE,V2_STRUCTURE_PARSED_NOT_SOURCE_REVIEWED,9bea915ddf19c2bbf8a46c9abfd8f91fc3dea5f9eea81eab97d69bf3a21c188c,PENDING,,,
SG2-0056,NFLX,0001065280,0001065280-17-000041,2017-07-17T20:16:03.000Z,nflx-063017xex991.htm,https://www.sec.gov/Archives/edgar/data/1065280/000106528017000041/nflx-063017xex991.htm,c51a2b4dd229b4438b9c2e852412951bf281b93ff9b168fc59d7aee3d7953726,HTML_DIV,/html/body/document/type/sequence/filename/description/text/div[66],"Q2’17 free cash amounted to -$608 million vs. -$254 million in the year ago quarter and -$423 million in Q1’17. We anticipate free cash flow of -$2.0 to -$2.5 billion for the full year 2017. With our content strategy paying off in strong member, revenue and profit growth, we think it’s wise to continue to invest. In continued success, we will deploy increased capital in content, particularly in owned originals, and, as we have said before, we expect to be FCF negative for many years. Since our FCF is driven by our content investment, particularly in self-produced originals, we wanted to provide some additional context on our content accounting at our investor relations8 website.",FREE_CASH_FLOW,FY2017,NON_GAAP,NOT_APPLICABLE,USD,-2500000000,-2000000000,-2250000000,144,CURRENT_CANDIDATE,CURRENT_GUIDANCE_RANGE,V2_STRUCTURE_PARSED_NOT_SOURCE_REVIEWED,56e2162f57cc6883b6cb9837f746ab6b350581b9dedee0272446935152a9da2c,PENDING,,,
SG2-0057,BA,0000012927,0000950123-17-000426,2017-01-25T12:44:45.000Z,a201612dec318kpressrelease.htm,https://www.sec.gov/Archives/edgar/data/12927/000095012317000426/a201612dec318kpressrelease.htm,e2897bfa6ab051386e98a3a1b599f160b88981fddde463fdf86b9af2cd699f38,HTML_DIV,/html/body/document/type/sequence/filename/description/text/div[18],"Guidance for 2017 is set at between $10.25 and $10.45 for GAAP earnings per share and between $9.10 and $9.30 for core earnings per share (non-GAAP)*. Revenue guidance is between $90.5 and $92.5 billion, including increased commercial deliveries of between 760 and 765. Operating cash flow is expected to increase by approximately $250 million to $10.75 billion and capital expenditures are expected to decline by approximately $300 million to $2.3 billion.",FREE_CASH_FLOW,FY2017,NON_GAAP,NOT_APPLICABLE,USD,10750000000,250000000000,130375000000,331,CURRENT_CANDIDATE,CURRENT_GUIDANCE_RANGE,V2_STRUCTURE_PARSED_NOT_SOURCE_REVIEWED,7ada697178c6f96a90166067c8138b0f56e6a6e0f0cd5915ab0c1acba64905c7,PENDING,,,
SG2-0058,NFLX,0001065280,0001065280-18-000534,2018-10-16T20:21:34.000Z,nflx-093018xex991.htm,https://www.sec.gov/Archives/edgar/data/1065280/000106528018000534/nflx-093018xex991.htm,7f167780f91615022f3b8abf2539601fdaa772e2679afa00db64177b1eaf5a28,HTML_DIV,/html/body/document/type/sequence/filename/description/text/div[18],"For Q4, we forecast paid net additions of 7.6m, and total net additions of 9.4m, up 15% and 13% compared with 6.6m and 8.3m in Q4 last year. We’re still targeting operating margin to be at the lower end of the 10%-11% range for the full year 2018. This means that in Q4 we expect operating margin will dip to 5% from 7.5% in the year ago quarter. As we have written in previous letters, this sequential decline in operating margin in the second half of 2018 is due to the timing of content spend and a higher mix of original films in Q4’18 (film amortization is more accelerated than series amortization due to more front-loaded viewing). We would have preferred our operating margin to have been a little steadier over the course of the year, and we will target a little less quarterly variance next year in our progress to our full year target of 13% (assuming no major FX moves).",MARGIN,FY2018,UNSPECIFIED,NOT_APPLICABLE,PERCENT,10,11,10.5,209,CURRENT_CANDIDATE,CURRENT_GUIDANCE_RANGE,V2_STRUCTURE_PARSED_NOT_SOURCE_REVIEWED,8661c6194cd9e32bb77db3241011304fa14b45a64b301762e62c658ae41d8e46,PENDING,,,
SG2-0059,AMZN,0001018724,0001018724-20-000028,2020-10-29T20:42:03.000Z,amzn-20200930xex991.htm,https://www.sec.gov/Archives/edgar/data/1018724/000101872420000028/amzn-20200930xex991.htm,e9ccc763f45f5709ec0e25c1df412834fc99bb70c4c1b43cf32933a4f0c71894,HTML_DIV,/html/body/document/type/sequence/filename/description/text/div[114],"•Operating income is expected to be between $1.0 billion and $4.5 billion, compared with $3.9 billion in fourth quarter 2019. This guidance assumes approximately $4.0 billion of costs related to COVID-19.",OPERATING_INCOME,Q4-2019,UNSPECIFIED,NOT_APPLICABLE,USD,1000000000,4500000000,2750000000,44,CURRENT_CANDIDATE,CURRENT_GUIDANCE_RANGE,V2_STRUCTURE_PARSED_NOT_SOURCE_REVIEWED,18dbe0e2065af5c68eb0755326337afc8db249f5f64a9b3dd243ee334a2e08ad,PENDING,,,
SG2-0060,AMZN,0001018724,0001018724-21-000008,2021-04-29T20:31:31.000Z,amzn-20210331xex991.htm,https://www.sec.gov/Archives/edgar/data/1018724/000101872421000008/amzn-20210331xex991.htm,2d1562ef4cedc83f0551fface12ebc999f4bb0e30bc2ebebc38c13353d5f7a5b,HTML_DIV,/html/body/document/type/sequence/filename/description/text/div[133],"•Operating income is expected to be between $4.5 billion and $8.0 billion, compared with $5.8 billion in second quarter 2020. This guidance assumes approximately $1.5 billion of costs related to COVID-19.",OPERATING_INCOME,Q2-2020,UNSPECIFIED,NOT_APPLICABLE,USD,4500000000,8000000000,6250000000,44,CURRENT_CANDIDATE,CURRENT_GUIDANCE_RANGE,V2_STRUCTURE_PARSED_NOT_SOURCE_REVIEWED,3082e78c71b3d45c1ec218cb4e0893ef65f602a2d9d55253a8d1b8ac2a93f400,PENDING,,,
SG2-0061,AMZN,0001018724,0001018724-21-000018,2021-07-29T20:34:52.000Z,amzn-20210630xex991.htm,https://www.sec.gov/Archives/edgar/data/1018724/000101872421000018/amzn-20210630xex991.htm,2e004b7091afde12c4192b9c94bbe613727915c9da2701f42b57364f49b64b89,HTML_DIV,/html/body/document/type/sequence/filename/description/text/div[113],"•Operating income is expected to be between $2.5 billion and $6.0 billion, compared with $6.2 billion in third quarter 2020. This guidance assumes approximately $1.0 billion of costs related to COVID-19.",OPERATING_INCOME,Q3-2020,UNSPECIFIED,NOT_APPLICABLE,USD,2500000000,6000000000,4250000000,44,CURRENT_CANDIDATE,CURRENT_GUIDANCE_RANGE,V2_STRUCTURE_PARSED_NOT_SOURCE_REVIEWED,3ed8fc75931c79ceff4628771f561ec9b662e4f573abf2165f126c5ffad19e1a,PENDING,,,
SG2-0062,AMZN,0001018724,0001018724-20-000008,2020-04-30T20:42:20.000Z,amzn-20200331xex991.htm,https://www.sec.gov/Archives/edgar/data/1018724/000101872420000008/amzn-20200331xex991.htm,963994799d22593d38b4654da838da6931acb384170543af92d0fe148ddb0cb3,HTML_DIV,/html/body/document/type/sequence/filename/description/text/div/table[68]/tr[2]/td[2]/div,"Operating income (loss) is expected to be between $(1.5) billion and $1.5 billion, compared with $3.1 billion in second quarter 2019. This guidance assumes approximately $4.0 billion of costs related to COVID-19.",OPERATING_INCOME,Q2-2019,UNSPECIFIED,NOT_APPLICABLE,USD,-1500000000,1500000000,0,51,CURRENT_CANDIDATE,CURRENT_GUIDANCE_RANGE,V2_STRUCTURE_PARSED_NOT_SOURCE_REVIEWED,5aba8089726e6fdc543afd47c0936856554b1c1a08fbe7bee824245ce0d2ac8d,PENDING,,,
SG2-0063,AMZN,0001018724,0001018724-20-000002,2020-01-30T21:46:49.000Z,amzn-20191231xex991.htm,https://www.sec.gov/Archives/edgar/data/1018724/000101872420000002/amzn-20191231xex991.htm,b0f9d55e1e79a876c5a92ca487c846f39798609cb5beaa0e9391e1738c60f774,HTML_DIV,/html/body/document/type/sequence/filename/description/text/div/table[42]/tr[2]/td[2]/div,"Operating income is expected to be between $3.0 billion and $4.2 billion, compared with $4.4 billion in first quarter 2019. This guidance includes approximately $800 million lower depreciation expense due to an increase in the estimated useful life of our servers beginning on January 1, 2020.",OPERATING_INCOME,Q1-2019,UNSPECIFIED,NOT_APPLICABLE,USD,3000000000,4200000000,3600000000,43,CURRENT_CANDIDATE,CURRENT_GUIDANCE_RANGE,V2_STRUCTURE_PARSED_NOT_SOURCE_REVIEWED,707934fbbe225406d3d86559e0dd436aa143c0ef308dc008c0fef93ae7033a20,PENDING,,,
SG2-0064,AMZN,0001018724,0001018724-24-000006,2024-02-01T21:06:02.000Z,amzn-20231231xex991.htm,https://www.sec.gov/Archives/edgar/data/1018724/000101872424000006/amzn-20231231xex991.htm,1965deeab4ce1a7990d0b508bfe6a5e0d250dead5cab9ce0466b9200a08c949c,HTML_DIV,/html/body/document/type/sequence/filename/description/text/div[134],"•Operating income is expected to be between $8.0 billion and $12.0 billion, compared with $4.8 billion in first quarter 2023. This guidance includes approximately $0.9 billion lower depreciation expense due to an increase in the estimated useful life of our servers beginning on January 1, 2024.",OPERATING_INCOME,Q1-2023,UNSPECIFIED,NOT_APPLICABLE,USD,8000000000,12000000000,10000000000,44,CURRENT_CANDIDATE,CURRENT_GUIDANCE_RANGE,V2_STRUCTURE_PARSED_NOT_SOURCE_REVIEWED,86223736d1de732462b47358fdcee6651922aea833393f0824479acf32efc847,PENDING,,,
SG2-0065,AMZN,0001018724,0001018724-20-000019,2020-07-30T23:05:15.000Z,amzn-20200630xex991.htm,https://www.sec.gov/Archives/edgar/data/1018724/000101872420000019/amzn-20200630xex991.htm,ff2e929f5fd7b8a9acb48dcb6bcca82df5ac90171a438ab801bf03664a688fa7,HTML_DIV,/html/body/document/type/sequence/filename/description/text/div[107],"•Operating income is expected to be between $2.0 billion and $5.0 billion, compared with $3.2 billion in third quarter 2019. This guidance assumes more than $2.0 billion of costs related to COVID-19.",OPERATING_INCOME,Q3-2019,UNSPECIFIED,NOT_APPLICABLE,USD,2000000000,5000000000,3500000000,44,CURRENT_CANDIDATE,CURRENT_GUIDANCE_RANGE,V2_STRUCTURE_PARSED_NOT_SOURCE_REVIEWED,8ff5aa3c104d383c74db38222e06f57b06016ce1039cd751e88b4263e8b33106,PENDING,,,
SG2-0066,AMZN,0001018724,0001018724-21-000002,2021-02-02T21:30:08.000Z,amzn-20201231xex991.htm,https://www.sec.gov/Archives/edgar/data/1018724/000101872421000002/amzn-20201231xex991.htm,e4099e05e128cae5e8d048f2205ae3a14494ed2356c86bc421917318ca9faeff,HTML_DIV,/html/body/document/type/sequence/filename/description/text/div[133],"•Operating income is expected to be between $3.0 billion and $6.5 billion, compared with $4.0 billion in first quarter 2020. This guidance assumes approximately $2.0 billion of costs related to COVID-19.",OPERATING_INCOME,Q1-2020,UNSPECIFIED,NOT_APPLICABLE,USD,3000000000,6500000000,4750000000,44,CURRENT_CANDIDATE,CURRENT_GUIDANCE_RANGE,V2_STRUCTURE_PARSED_NOT_SOURCE_REVIEWED,9ecc5bb0f93ad1f966d52064791927e2d01e2a82a88c71d64244be2478becd9b,PENDING,,,
SG2-0067,AMZN,0001018724,0001018724-22-000002,2022-02-03T21:11:33.000Z,amzn-20211231xex991.htm,https://www.sec.gov/Archives/edgar/data/1018724/000101872422000002/amzn-20211231xex991.htm,4730a54f6cea982d0070175db9f178c61107ac0fc73c987948ac6ebea1a59411,HTML_DIV,/html/body/document/type/sequence/filename/description/text/div[141],"•Operating income is expected to be between $3.0 billion and $6.0 billion, compared with $8.9 billion in first quarter 2021. This guidance includes approximately $1.0 billion lower depreciation expense due to increases in the estimated useful lives of our servers and networking equipment beginning on January 1, 2022.",OPERATING_INCOME,Q1-2021,UNSPECIFIED,NOT_APPLICABLE,USD,3000000000,6000000000,4500000000,44,CURRENT_CANDIDATE,CURRENT_GUIDANCE_RANGE,V2_STRUCTURE_PARSED_NOT_SOURCE_REVIEWED,aa774856cb39bedddc44112eb97fa3d11b29d0d4e8b071fbdd2671ee22271b2d,PENDING,,,
SG2-0068,AMZN,0001018724,0001018724-26-000002,2026-02-05T21:25:12.000Z,amzn-20251231xex991.htm,https://www.sec.gov/Archives/edgar/data/1018724/000101872426000002/amzn-20251231xex991.htm,2b7b66a640be10e8d8882c83de795b46a61f6de4e9fec055aab938df83716668,HTML_DIV,/html/body/document/type/sequence/filename/description/text/div[92],"•Operating income is expected to be between $16.5 billion and $21.5 billion, compared with $18.4 billion in first quarter 2025. This guidance includes approximately $1 billion of higher year-over-year Amazon Leo costs as we scale in 2026, as well as investment in quick commerce and even sharper prices in our international stores business.",OPERATING_INCOME,Q1-2025,UNSPECIFIED,NOT_APPLICABLE,USD,16500000000,21500000000,19000000000,44,CURRENT_CANDIDATE,CURRENT_GUIDANCE_RANGE,V2_STRUCTURE_PARSED_NOT_SOURCE_REVIEWED,ee8af4bcfeb42819a75f2085dcf905d19836e8011d0d473d3b045d0c0f8bd41b,PENDING,,,
SG2-0069,CRM,0001108524,0001445305-14-002263,2014-05-20T20:27:53.000Z,crm-q1xexhibit991.htm,https://www.sec.gov/Archives/edgar/data/1108524/000144530514002263/crm-q1xexhibit991.htm,19a2002dcf04a10970e6536866d928a8001fd3438d55313b96b0d163199498d8,HTML_DIV,/html/body/document/type/sequence/filename/description/text/div[41],"Full Year FY15 Guidance: Revenue for the company’s full fiscal year 2015 is projected to be in the range of $5.30 billion to $5.34 billion, an increase of 30% to 31% year-over-year.",REVENUE,FY2015,UNSPECIFIED,NOT_APPLICABLE,USD,5300000000,5340000000,5320000000,108,CURRENT_CANDIDATE,CURRENT_GUIDANCE_RANGE,V2_STRUCTURE_PARSED_NOT_SOURCE_REVIEWED,0b92fc23d52028eb190a98c9146183ece776214b240fbf11d52822b9cbba6a25,PENDING,,,
SG2-0070,BA,0000012927,0000950123-17-000426,2017-01-25T12:44:45.000Z,a201612dec318kpressrelease.htm,https://www.sec.gov/Archives/edgar/data/12927/000095012317000426/a201612dec318kpressrelease.htm,e2897bfa6ab051386e98a3a1b599f160b88981fddde463fdf86b9af2cd699f38,HTML_DIV,/html/body/document/type/sequence/filename/description/text/div[18],"Guidance for 2017 is set at between $10.25 and $10.45 for GAAP earnings per share and between $9.10 and $9.30 for core earnings per share (non-GAAP)*. Revenue guidance is between $90.5 and $92.5 billion, including increased commercial deliveries of between 760 and 765. Operating cash flow is expected to increase by approximately $250 million to $10.75 billion and capital expenditures are expected to decline by approximately $300 million to $2.3 billion.",REVENUE,FY2017,GAAP,NOT_APPLICABLE,USD,90500000000,92500000000,91500000000,179,CURRENT_CANDIDATE,CURRENT_GUIDANCE_RANGE,V2_STRUCTURE_PARSED_NOT_SOURCE_REVIEWED,0f7aa7d10f8f0d9f1aceb87e4f986b3391c0b4319a045ed3d36f65f9fd61898a,PENDING,,,
SG2-0071,META,0001326801,0001628280-25-036719,2025-07-30T20:13:01.000Z,meta-06302025xexhibit991.htm,https://www.sec.gov/Archives/edgar/data/1326801/000162828025036719/meta-06302025xexhibit991.htm,f42e1a8029b6644895882603a5c688314c7722cf7bc6fb31306c20fb5344093f,HTML_DIV,/html/body/document/type/sequence/filename/description/text/div[30],"We expect third quarter 2025 total revenue to be in the range of $47.5-50.5 billion. Our guidance assumes foreign currency is an approximately 1% tailwind to year-over-year total revenue growth, based on current exchange rates. While we are not providing an outlook for fourth quarter revenue, we would expect our year-over-year growth rate in the fourth quarter of 2025 to be slower than the third quarter as we lap a period of stronger growth in the fourth quarter of 2024.",REVENUE,Q3-2025,UNSPECIFIED,NOT_APPLICABLE,USD,47500000000,50500000000,49000000000,65,CURRENT_CANDIDATE,CURRENT_GUIDANCE_RANGE,V2_STRUCTURE_PARSED_NOT_SOURCE_REVIEWED,12ab4eec48f9bf7887bbbe0f7ef29283961a9f711fff3443aefb23ab530a3d1b,PENDING,,,
SG2-0072,NVDA,0001045810,0001045810-12-000032,2012-08-09T20:27:28.000Z,q213cfocommentary.htm,https://www.sec.gov/Archives/edgar/data/1045810/000104581012000032/q213cfocommentary.htm,5dfe0c889be328607e0d99b1b906871774e78388cfcda76ef30f86b7da9a302a,HTML_DIV,/html/body/document/type/sequence/filename/description/text/div[20],"Revenue for second quarter of fiscal 2013 was $1.04 billion, compared with our outlook of between $990 million to $1.05 billion, and up 12.9 percent from $924.9 million in the prior quarter.",REVENUE,Q2-2013,UNSPECIFIED,NOT_APPLICABLE,USD,1050000000,990000000000,495525000000,98,CURRENT_CANDIDATE,CURRENT_GUIDANCE_RANGE,V2_STRUCTURE_PARSED_NOT_SOURCE_REVIEWED,16839e481f874e9aa35d2a58d9cba634df6efd3c7cf2e15589b8b4a87ea7bcc1,PENDING,,,
SG2-0073,BA,0000012927,0001193125-13-029057,2013-01-30T12:38:07.000Z,d473129dex991.htm,https://www.sec.gov/Archives/edgar/data/12927/000119312513029057/d473129dex991.htm,02e9564ecfd8f6b1965570c3dfdfa9db22c7cecd320c7d46d22e492600b19c56,HTML_P,/html/body/document/type/sequence/filename/description/text/p[75],"Boeing’s 2013 revenue guidance is between $82 and $85 billion. Core earnings per share (non-GAAP)
guidance for 2013 is set at between $6.10 and $6.30. Earnings per share guidance is established at between $5.00 and $5.20. Total pension expense in 2013 is expected to be approximately $3.2 billion (of which approximately $1.8 billion is expected
to be recorded in core operating earnings",REVENUE,FY2013,NON_GAAP,NOT_APPLICABLE,USD,82000000000,85000000000,83500000000,42,CURRENT_CANDIDATE,CURRENT_GUIDANCE_RANGE,V2_STRUCTURE_PARSED_NOT_SOURCE_REVIEWED,1983df26236aa3c9f3e7397d037dfa3dc60aa49bacfab224d79b2ecaa4f999b5,PENDING,,,
SG2-0074,META,0001326801,0001628280-26-003832,2026-01-28T21:04:20.000Z,meta-12312025xexhibit991.htm,https://www.sec.gov/Archives/edgar/data/1326801/000162828026003832/meta-12312025xexhibit991.htm,0428bd5297e97c910c77566767eb48db35fc2c9ff7e2aa88ff8f7f3f340c0bca,HTML_DIV,/html/body/document/type/sequence/filename/description/text/div[34],"We expect first quarter 2026 total revenue to be in the range of $53.5-56.5 billion. Our guidance assumes foreign currency is an approximately 4% tailwind to year-over-year total revenue growth, based on current exchange rates.",REVENUE,Q1-2026,UNSPECIFIED,NOT_APPLICABLE,USD,53500000000,56500000000,55000000000,65,CURRENT_CANDIDATE,CURRENT_GUIDANCE_RANGE,V2_STRUCTURE_PARSED_NOT_SOURCE_REVIEWED,1af89d2295742837c105cb8dbacf318842cc8e93685494df1e8a92aa7f8a24a8,PENDING,,,
SG2-0075,META,0001326801,0001326801-24-000044,2024-04-24T20:07:26.000Z,meta-03312024xexhibit991.htm,https://www.sec.gov/Archives/edgar/data/1326801/000132680124000044/meta-03312024xexhibit991.htm,64d6e5cd228ec038289d3ba395a3c55d8ed1088af8e99633aa1b53151e8100c1,HTML_DIV,/html/body/document/type/sequence/filename/description/text/div[27],"We expect second quarter 2024 total revenue to be in the range of $36.5-39 billion. Our guidance assumes foreign currency is a 1% headwind to year-over-year total revenue growth, based on current exchange rates.",REVENUE,Q2-2024,UNSPECIFIED,NOT_APPLICABLE,USD,36500000000,39000000000,37750000000,66,CURRENT_CANDIDATE,CURRENT_GUIDANCE_RANGE,V2_STRUCTURE_PARSED_NOT_SOURCE_REVIEWED,1bc3b51d24bc973571a75caecefe8bf0e64d5afaa311e23614cded411ea183ad,PENDING,,,
SG2-0076,META,0001326801,0001326801-24-000077,2024-10-30T20:08:12.000Z,meta-09302024xexhibit991.htm,https://www.sec.gov/Archives/edgar/data/1326801/000132680124000077/meta-09302024xexhibit991.htm,1b947d01c26769b804c8d89c43bc5fb04d691ac7c603d2e4c25473c34420d3b9,HTML_DIV,/html/body/document/type/sequence/filename/description/text/div[29],"We expect fourth quarter 2024 total revenue to be in the range of $45-48 billion. Our guidance assumes foreign currency is approximately neutral to year-over-year total revenue growth, based on current exchange rates.",REVENUE,Q4-2024,UNSPECIFIED,NOT_APPLICABLE,USD,45000000000,48000000000,46500000000,66,CURRENT_CANDIDATE,CURRENT_GUIDANCE_RANGE,V2_STRUCTURE_PARSED_NOT_SOURCE_REVIEWED,1e37053d98629d36d1c61924cd119ae23f1feb44d0853a8f618d51ff44c6f904,PENDING,,,
SG2-0077,META,0001326801,0001326801-24-000010,2024-02-01T21:10:29.000Z,meta-12312023xexhibit991.htm,https://www.sec.gov/Archives/edgar/data/1326801/000132680124000010/meta-12312023xexhibit991.htm,2c85fe7a8066e5a2e71bf5051851c63b27467eef9f5055b8bc7c0ee8d73ff165,HTML_DIV,/html/body/document/type/sequence/filename/description/text/div[45],"We expect first quarter 2024 total revenue to be in the range of $34.5-37 billion. Our guidance assumes foreign currency is neutral to year-over-year total revenue growth, based on current exchange rates.",REVENUE,Q1-2024,UNSPECIFIED,NOT_APPLICABLE,USD,34500000000,37000000000,35750000000,65,CURRENT_CANDIDATE,CURRENT_GUIDANCE_RANGE,V2_STRUCTURE_PARSED_NOT_SOURCE_REVIEWED,1ebafc09314ac9c16609206df4eb7ec10893a51e565308247f231522d55e63a5,PENDING,,,
SG2-0078,META,0001326801,0001326801-25-000014,2025-01-29T21:47:14.000Z,meta-12312024xexhibit991.htm,https://www.sec.gov/Archives/edgar/data/1326801/000132680125000014/meta-12312024xexhibit991.htm,3f803df799a14a69ac522fe4367411a653b0739095c2def85178c5808d741bc1,HTML_DIV,/html/body/document/type/sequence/filename/description/text/div[31],"We expect first quarter 2025 total revenue to be in the range of $39.5-41.8 billion. This reflects 8-15% year-over-year growth, or 11-18% growth on a constant currency basis as our guidance assumes foreign currency is an approximately 3% headwind to year-over-year total revenue growth, based on current exchange rates. This also reflects the effect of lapping leap day in the first quarter of 2024. While we are not providing a full year 2025 revenue outlook, we expect the investments we are making in our core business this year will give us an opportunity to continue delivering strong revenue growth throughout 2025.",REVENUE,Q1-2025,UNSPECIFIED,NOT_APPLICABLE,USD,39500000000,41800000000,40650000000,65,CURRENT_CANDIDATE,CURRENT_GUIDANCE_RANGE,V2_STRUCTURE_PARSED_NOT_SOURCE_REVIEWED,224ac617e7a4cb39924d87a8cc75efda4495105830ee4a18d10a27abc680caa1,PENDING,,,
SG2-0079,BA,0000012927,0001193125-12-022591,2012-01-25T12:46:00.000Z,d286838dex991.htm,https://www.sec.gov/Archives/edgar/data/12927/000119312512022591/d286838dex991.htm,d82574ee3c8b552a413c5f499ae4188ca20ee3bbe046a9e67ee88cf24c47f271,HTML_P,/html/body/document/type/sequence/filename/description/text/p[23],"Earnings guidance for 2012 has been established at between $4.05 and $4.25 per share reflecting solid core
performance and higher pension expense. Revenue guidance for 2012 is between $78 and $80 billion.",REVENUE,FY2012,UNSPECIFIED,NOT_APPLICABLE,USD,78000000000,80000000000,79000000000,184,CURRENT_CANDIDATE,CURRENT_GUIDANCE_RANGE,V2_STRUCTURE_PARSED_NOT_SOURCE_REVIEWED,22fe02acf0e9c7fc7e506d1a634f32ef397cbd8d298ed428d73c065c02317a99,PENDING,,,
SG2-0080,BA,0000012927,0000012927-16-000094,2016-01-28T15:07:00.000Z,a201601jan27exhibit991newt.htm,https://www.sec.gov/Archives/edgar/data/12927/000001292716000094/a201601jan27exhibit991newt.htm,3c42767b4a8eb67b119d53742d06617fc58bc6a8ae800feadbf55402d0d37786,HTML_DIV,/html/body/document/type/sequence/filename/description/text/div[157],"Defense, Space & Security revenue guidance for 2016 is between $28.5 billion and $29.5 billion, reflecting the continued challenging defense DOD environment. And going forward, we expect tanker revenue to increase as we enter into full rate production. We also see long-term growth driven by P-8, services, international rotorcraft and space, along with the potential future franchise programs that Dennis mentioned earlier.",REVENUE,FY2016,UNSPECIFIED,NOT_APPLICABLE,USD,28500000000,29500000000,29000000000,63,CURRENT_CANDIDATE,CURRENT_GUIDANCE_RANGE,V2_STRUCTURE_PARSED_NOT_SOURCE_REVIEWED,23c529f0da5faee5752f2b1a8e13e3b6dd65963bfba201ee7bdb15813ee0ae28,PENDING,,,
