ticker,asset_type,cik,cik_mapping_status,fold_id,as_of,available_fact_rows,available_accessions,available_concepts,status
AAPL,EQUITY,0000320193,UNIQUE_CURRENT_CIK,F01,2018-02-01,10425,26,333,PIT_FACTS_READY
AAPL,EQUITY,0000320193,UNIQUE_CURRENT_CIK,F02,2020-02-03,13695,35,406,PIT_FACTS_READY
AAPL,EQUITY,0000320193,UNIQUE_CURRENT_CIK,F03,2022-02-03,16579,43,430,PIT_FACTS_READY
AAPL,EQUITY,0000320193,UNIQUE_CURRENT_CIK,F04,2024-02-05,19041,51,443,PIT_FACTS_READY
ABBV,EQUITY,0001551152,UNIQUE_CURRENT_CIK,F01,2018-02-01,6330,19,316,PIT_FACTS_READY
ABBV,EQUITY,0001551152,UNIQUE_CURRENT_CIK,F02,2020-02-03,9584,27,372,PIT_FACTS_READY
ABBV,EQUITY,0001551152,UNIQUE_CURRENT_CIK,F03,2022-02-03,12885,35,419,PIT_FACTS_READY
ABBV,EQUITY,0001551152,UNIQUE_CURRENT_CIK,F04,2024-02-05,16103,43,434,PIT_FACTS_READY
AMT,EQUITY,0001053507,UNIQUE_CURRENT_CIK,F01,2018-02-01,11737,24,504,PIT_FACTS_READY
AMT,EQUITY,0001053507,UNIQUE_CURRENT_CIK,F02,2020-02-03,16005,32,588,PIT_FACTS_READY
AMT,EQUITY,0001053507,UNIQUE_CURRENT_CIK,F03,2022-02-03,20099,40,611,PIT_FACTS_READY
AMT,EQUITY,0001053507,UNIQUE_CURRENT_CIK,F04,2024-02-05,23965,48,630,PIT_FACTS_READY
AMZN,EQUITY,0001018724,UNIQUE_CURRENT_CIK,F01,2018-02-01,9959,24,367,PIT_FACTS_READY
AMZN,EQUITY,0001018724,UNIQUE_CURRENT_CIK,F02,2020-02-03,14099,33,449,PIT_FACTS_READY
AMZN,EQUITY,0001018724,UNIQUE_CURRENT_CIK,F03,2022-02-03,17376,40,467,PIT_FACTS_READY
AMZN,EQUITY,0001018724,UNIQUE_CURRENT_CIK,F04,2024-02-05,21794,49,490,PIT_FACTS_READY
APD,EQUITY,0000002969,UNIQUE_CURRENT_CIK,F01,2018-02-01,13990,26,546,PIT_FACTS_READY
APD,EQUITY,0000002969,UNIQUE_CURRENT_CIK,F02,2020-02-03,18334,34,623,PIT_FACTS_READY
APD,EQUITY,0000002969,UNIQUE_CURRENT_CIK,F03,2022-02-03,22083,41,646,PIT_FACTS_READY
APD,EQUITY,0000002969,UNIQUE_CURRENT_CIK,F04,2024-02-05,25746,49,673,PIT_FACTS_READY
AVGO,EQUITY,0001649338,VERIFIED_PERIOD_CIK,F01,2018-02-01,3465,8,306,PIT_FACTS_READY
AVGO,EQUITY,0001730168,VERIFIED_PERIOD_CIK,F02,2020-02-03,3551,7,322,PIT_FACTS_READY
AVGO,EQUITY,0001730168,VERIFIED_PERIOD_CIK,F03,2022-02-03,7944,16,385,PIT_FACTS_READY
AVGO,EQUITY,0001730168,VERIFIED_PERIOD_CIK,F04,2024-02-05,11115,24,405,PIT_FACTS_READY
BA,EQUITY,0000012927,UNIQUE_CURRENT_CIK,F01,2018-02-01,12369,24,474,PIT_FACTS_READY
BA,EQUITY,0000012927,UNIQUE_CURRENT_CIK,F02,2020-02-03,17374,33,554,PIT_FACTS_READY
BA,EQUITY,0000012927,UNIQUE_CURRENT_CIK,F03,2022-02-03,21643,41,599,PIT_FACTS_READY
BA,EQUITY,0000012927,UNIQUE_CURRENT_CIK,F04,2024-02-05,25764,49,623,PIT_FACTS_READY
BAC,EQUITY,0000070858,UNIQUE_CURRENT_CIK,F01,2018-02-01,19179,28,617,PIT_FACTS_READY
BAC,EQUITY,0000070858,UNIQUE_CURRENT_CIK,F02,2020-02-03,24048,36,703,PIT_FACTS_READY
BAC,EQUITY,0000070858,UNIQUE_CURRENT_CIK,F03,2022-02-03,28849,44,731,PIT_FACTS_READY
BAC,EQUITY,0000070858,UNIQUE_CURRENT_CIK,F04,2024-02-05,33614,52,755,PIT_FACTS_READY
CAT,EQUITY,0000018230,UNIQUE_CURRENT_CIK,F01,2018-02-01,15353,25,495,PIT_FACTS_READY
CAT,EQUITY,0000018230,UNIQUE_CURRENT_CIK,F02,2020-02-03,20030,33,577,PIT_FACTS_READY
CAT,EQUITY,0000018230,UNIQUE_CURRENT_CIK,F03,2022-02-03,24597,41,611,PIT_FACTS_READY
CAT,EQUITY,0000018230,UNIQUE_CURRENT_CIK,F04,2024-02-05,29130,49,630,PIT_FACTS_READY
COP,EQUITY,0001163165,UNIQUE_CURRENT_CIK,F01,2018-02-01,12069,25,505,PIT_FACTS_READY
COP,EQUITY,0001163165,UNIQUE_CURRENT_CIK,F02,2020-02-03,16578,34,596,PIT_FACTS_READY
COP,EQUITY,0001163165,UNIQUE_CURRENT_CIK,F03,2022-02-03,21310,43,634,PIT_FACTS_READY
COP,EQUITY,0001163165,UNIQUE_CURRENT_CIK,F04,2024-02-05,25046,51,665,PIT_FACTS_READY
COST,EQUITY,0000909832,UNIQUE_CURRENT_CIK,F01,2018-02-01,9598,24,311,PIT_FACTS_READY
COST,EQUITY,0000909832,UNIQUE_CURRENT_CIK,F02,2020-02-03,12581,32,370,PIT_FACTS_READY
COST,EQUITY,0000909832,UNIQUE_CURRENT_CIK,F03,2022-02-03,15478,40,392,PIT_FACTS_READY
COST,EQUITY,0000909832,UNIQUE_CURRENT_CIK,F04,2024-02-05,18094,48,407,PIT_FACTS_READY
CRM,EQUITY,0001108524,UNIQUE_CURRENT_CIK,F01,2018-02-01,11805,25,467,MISSING_ACCEPTANCE_LINKS
CRM,EQUITY,0001108524,UNIQUE_CURRENT_CIK,F02,2020-02-03,15548,33,573,MISSING_ACCEPTANCE_LINKS
CRM,EQUITY,0001108524,UNIQUE_CURRENT_CIK,F03,2022-02-03,18267,39,601,MISSING_ACCEPTANCE_LINKS
CRM,EQUITY,0001108524,UNIQUE_CURRENT_CIK,F04,2024-02-05,22375,49,615,MISSING_ACCEPTANCE_LINKS
CVX,EQUITY,0000093410,UNIQUE_CURRENT_CIK,F01,2018-02-01,10635,24,424,PIT_FACTS_READY
CVX,EQUITY,0000093410,UNIQUE_CURRENT_CIK,F02,2020-02-03,14525,32,495,PIT_FACTS_READY
CVX,EQUITY,0000093410,UNIQUE_CURRENT_CIK,F03,2022-02-03,18498,40,532,PIT_FACTS_READY
CVX,EQUITY,0000093410,UNIQUE_CURRENT_CIK,F04,2024-02-05,22680,49,542,PIT_FACTS_READY
DIA,ETF,,,F01,2018-02-01,0,0,0,NOT_APPLICABLE_ETF
DIA,ETF,,,F02,2020-02-03,0,0,0,NOT_APPLICABLE_ETF
DIA,ETF,,,F03,2022-02-03,0,0,0,NOT_APPLICABLE_ETF
DIA,ETF,,,F04,2024-02-05,0,0,0,NOT_APPLICABLE_ETF
DIS,EQUITY,0001001039,VERIFIED_PERIOD_CIK,F01,2018-02-01,10547,24,439,PIT_FACTS_READY
DIS,EQUITY,0001744489,VERIFIED_PERIOD_CIK,F02,2020-02-03,2816,4,390,PIT_FACTS_READY
DIS,EQUITY,0001744489,VERIFIED_PERIOD_CIK,F03,2022-02-03,7729,13,460,PIT_FACTS_READY
DIS,EQUITY,0001744489,VERIFIED_PERIOD_CIK,F04,2024-02-05,11563,23,473,PIT_FACTS_READY
DUK,EQUITY,0001326160,UNIQUE_CURRENT_CIK,F01,2018-02-01,13375,24,653,PIT_FACTS_READY
DUK,EQUITY,0001326160,UNIQUE_CURRENT_CIK,F02,2020-02-03,18360,33,746,PIT_FACTS_READY
DUK,EQUITY,0001326160,UNIQUE_CURRENT_CIK,F03,2022-02-03,22168,42,766,PIT_FACTS_READY
DUK,EQUITY,0001326160,UNIQUE_CURRENT_CIK,F04,2024-02-05,26142,50,780,PIT_FACTS_READY
EOG,EQUITY,0000821189,UNIQUE_CURRENT_CIK,F01,2018-02-01,8591,24,353,PIT_FACTS_READY
EOG,EQUITY,0000821189,UNIQUE_CURRENT_CIK,F02,2020-02-03,11526,32,403,PIT_FACTS_READY
EOG,EQUITY,0000821189,UNIQUE_CURRENT_CIK,F03,2022-02-03,14406,40,421,PIT_FACTS_READY
EOG,EQUITY,0000821189,UNIQUE_CURRENT_CIK,F04,2024-02-05,17125,48,463,PIT_FACTS_READY
FCX,EQUITY,0000831259,UNIQUE_CURRENT_CIK,F01,2018-02-01,11231,26,587,PIT_FACTS_READY
FCX,EQUITY,0000831259,UNIQUE_CURRENT_CIK,F02,2020-02-03,15159,34,666,PIT_FACTS_READY
FCX,EQUITY,0000831259,UNIQUE_CURRENT_CIK,F03,2022-02-03,18625,42,702,PIT_FACTS_READY
FCX,EQUITY,0000831259,UNIQUE_CURRENT_CIK,F04,2024-02-05,21911,51,716,PIT_FACTS_READY
GE,EQUITY,0000040545,UNIQUE_CURRENT_CIK,F01,2018-02-01,15513,29,532,PIT_FACTS_READY
GE,EQUITY,0000040545,UNIQUE_CURRENT_CIK,F02,2020-02-03,20453,37,652,PIT_FACTS_READY
GE,EQUITY,0000040545,UNIQUE_CURRENT_CIK,F03,2022-02-03,24938,45,732,PIT_FACTS_READY
GE,EQUITY,0000040545,UNIQUE_CURRENT_CIK,F04,2024-02-05,31352,55,837,PIT_FACTS_READY
GOOGL,EQUITY,0001652044,UNIQUE_CURRENT_CIK,F01,2018-02-01,4579,10,341,PIT_FACTS_READY
GOOGL,EQUITY,0001652044,UNIQUE_CURRENT_CIK,F02,2020-02-03,8063,18,420,PIT_FACTS_READY
GOOGL,EQUITY,0001652044,UNIQUE_CURRENT_CIK,F03,2022-02-03,12330,27,454,PIT_FACTS_READY
GOOGL,EQUITY,0001652044,UNIQUE_CURRENT_CIK,F04,2024-02-05,15899,35,464,PIT_FACTS_READY
GS,EQUITY,0000886982,UNIQUE_CURRENT_CIK,F01,2018-02-01,12984,25,424,PIT_FACTS_READY
GS,EQUITY,0000886982,UNIQUE_CURRENT_CIK,F02,2020-02-03,17694,33,460,PIT_FACTS_READY
GS,EQUITY,0000886982,UNIQUE_CURRENT_CIK,F03,2022-02-03,22554,41,485,PIT_FACTS_READY
GS,EQUITY,0000886982,UNIQUE_CURRENT_CIK,F04,2024-02-05,27422,49,530,PIT_FACTS_READY
HD,EQUITY,0000354950,UNIQUE_CURRENT_CIK,F01,2018-02-01,7456,25,283,PIT_FACTS_READY
HD,EQUITY,0000354950,UNIQUE_CURRENT_CIK,F02,2020-02-03,9903,33,355,PIT_FACTS_READY
HD,EQUITY,0000354950,UNIQUE_CURRENT_CIK,F03,2022-02-03,12541,41,378,PIT_FACTS_READY
HD,EQUITY,0000354950,UNIQUE_CURRENT_CIK,F04,2024-02-05,15105,49,385,PIT_FACTS_READY
HON,EQUITY,0000773840,UNIQUE_CURRENT_CIK,F01,2018-02-01,10670,24,425,PIT_FACTS_READY
HON,EQUITY,0000773840,UNIQUE_CURRENT_CIK,F02,2020-02-03,14161,32,480,PIT_FACTS_READY
HON,EQUITY,0000773840,UNIQUE_CURRENT_CIK,F03,2022-02-03,17632,40,508,PIT_FACTS_READY
HON,EQUITY,0000773840,UNIQUE_CURRENT_CIK,F04,2024-02-05,21107,48,529,PIT_FACTS_READY
IWM,ETF,,,F01,2018-02-01,0,0,0,NOT_APPLICABLE_ETF
IWM,ETF,,,F02,2020-02-03,0,0,0,NOT_APPLICABLE_ETF
IWM,ETF,,,F03,2022-02-03,0,0,0,NOT_APPLICABLE_ETF
IWM,ETF,,,F04,2024-02-05,0,0,0,NOT_APPLICABLE_ETF
JNJ,EQUITY,0000200406,UNIQUE_CURRENT_CIK,F01,2018-02-01,9585,24,380,PIT_FACTS_READY
JNJ,EQUITY,0000200406,UNIQUE_CURRENT_CIK,F02,2020-02-03,12949,32,445,PIT_FACTS_READY
JNJ,EQUITY,0000200406,UNIQUE_CURRENT_CIK,F03,2022-02-03,16321,40,459,PIT_FACTS_READY
JNJ,EQUITY,0000200406,UNIQUE_CURRENT_CIK,F04,2024-02-05,19679,48,521,PIT_FACTS_READY
JPM,EQUITY,0000019617,UNIQUE_CURRENT_CIK,F01,2018-02-01,16866,25,558,PIT_FACTS_READY
JPM,EQUITY,0000019617,UNIQUE_CURRENT_CIK,F02,2020-02-03,22517,33,628,PIT_FACTS_READY
JPM,EQUITY,0000019617,UNIQUE_CURRENT_CIK,F03,2022-02-03,28380,41,694,PIT_FACTS_READY
JPM,EQUITY,0000019617,UNIQUE_CURRENT_CIK,F04,2024-02-05,34520,49,743,PIT_FACTS_READY
KO,EQUITY,0000021344,UNIQUE_CURRENT_CIK,F01,2018-02-01,11596,26,481,PIT_FACTS_READY
KO,EQUITY,0000021344,UNIQUE_CURRENT_CIK,F02,2020-02-03,15976,35,560,PIT_FACTS_READY
KO,EQUITY,0000021344,UNIQUE_CURRENT_CIK,F03,2022-02-03,19427,43,598,PIT_FACTS_READY
KO,EQUITY,0000021344,UNIQUE_CURRENT_CIK,F04,2024-02-05,23950,51,651,PIT_FACTS_READY
LIN,EQUITY,0001707925,UNIQUE_CURRENT_CIK,F01,2018-02-01,57,1,32,PIT_FACTS_READY
LIN,EQUITY,0001707925,UNIQUE_CURRENT_CIK,F02,2020-02-03,2346,7,393,PIT_FACTS_READY
LIN,EQUITY,0001707925,UNIQUE_CURRENT_CIK,F03,2022-02-03,6215,15,432,PIT_FACTS_READY
LIN,EQUITY,0001707925,UNIQUE_CURRENT_CIK,F04,2024-02-05,9714,23,449,PIT_FACTS_READY
LLY,EQUITY,0000059478,UNIQUE_CURRENT_CIK,F01,2018-02-01,8669,24,405,PIT_FACTS_READY
LLY,EQUITY,0000059478,UNIQUE_CURRENT_CIK,F02,2020-02-03,12228,33,465,PIT_FACTS_READY
LLY,EQUITY,0000059478,UNIQUE_CURRENT_CIK,F03,2022-02-03,14994,41,486,PIT_FACTS_READY
LLY,EQUITY,0000059478,UNIQUE_CURRENT_CIK,F04,2024-02-05,17496,49,495,PIT_FACTS_READY
MA,EQUITY,0001141391,UNIQUE_CURRENT_CIK,F01,2018-02-01,9321,24,395,PIT_FACTS_READY
MA,EQUITY,0001141391,UNIQUE_CURRENT_CIK,F02,2020-02-03,12785,32,452,PIT_FACTS_READY
MA,EQUITY,0001141391,UNIQUE_CURRENT_CIK,F03,2022-02-03,16207,40,500,PIT_FACTS_READY
MA,EQUITY,0001141391,UNIQUE_CURRENT_CIK,F04,2024-02-05,19598,48,518,PIT_FACTS_READY
MCD,EQUITY,0000063908,UNIQUE_CURRENT_CIK,F01,2018-02-01,8068,24,260,PIT_FACTS_READY
MCD,EQUITY,0000063908,UNIQUE_CURRENT_CIK,F02,2020-02-03,11017,32,282,PIT_FACTS_READY
MCD,EQUITY,0000063908,UNIQUE_CURRENT_CIK,F03,2022-02-03,13907,40,311,PIT_FACTS_READY
MCD,EQUITY,0000063908,UNIQUE_CURRENT_CIK,F04,2024-02-05,16827,48,346,PIT_FACTS_READY
META,EQUITY,0001326801,UNIQUE_CURRENT_CIK,F01,2018-02-01,6168,22,283,PIT_FACTS_READY
META,EQUITY,0001326801,UNIQUE_CURRENT_CIK,F02,2020-02-03,9003,31,354,PIT_FACTS_READY
META,EQUITY,0001326801,UNIQUE_CURRENT_CIK,F03,2022-02-03,11182,38,369,PIT_FACTS_READY
META,EQUITY,0001326801,UNIQUE_CURRENT_CIK,F04,2024-02-05,14571,47,414,PIT_FACTS_READY
MRK,EQUITY,0000310158,UNIQUE_CURRENT_CIK,F01,2018-02-01,10477,24,507,PIT_FACTS_READY
MRK,EQUITY,0000310158,UNIQUE_CURRENT_CIK,F02,2020-02-03,14062,32,572,PIT_FACTS_READY
MRK,EQUITY,0000310158,UNIQUE_CURRENT_CIK,F03,2022-02-03,17759,40,638,PIT_FACTS_READY
MRK,EQUITY,0000310158,UNIQUE_CURRENT_CIK,F04,2024-02-05,21552,48,661,PIT_FACTS_READY
MSFT,EQUITY,0000789019,UNIQUE_CURRENT_CIK,F01,2018-02-01,12662,27,422,PIT_FACTS_READY
MSFT,EQUITY,0000789019,UNIQUE_CURRENT_CIK,F02,2020-02-03,16477,35,467,PIT_FACTS_READY
MSFT,EQUITY,0000789019,UNIQUE_CURRENT_CIK,F03,2022-02-03,20209,43,476,PIT_FACTS_READY
MSFT,EQUITY,0000789019,UNIQUE_CURRENT_CIK,F04,2024-02-05,23900,51,482,PIT_FACTS_READY
NEE,EQUITY,0000753308,UNIQUE_CURRENT_CIK,F01,2018-02-01,9699,24,326,PIT_FACTS_READY
NEE,EQUITY,0000753308,UNIQUE_CURRENT_CIK,F02,2020-02-03,13140,32,377,PIT_FACTS_READY
NEE,EQUITY,0000753308,UNIQUE_CURRENT_CIK,F03,2022-02-03,16557,40,403,PIT_FACTS_READY
NEE,EQUITY,0000753308,UNIQUE_CURRENT_CIK,F04,2024-02-05,19750,48,411,PIT_FACTS_READY
NEM,EQUITY,0001164727,UNIQUE_CURRENT_CIK,F01,2018-02-01,13671,25,552,PIT_FACTS_READY
NEM,EQUITY,0001164727,UNIQUE_CURRENT_CIK,F02,2020-02-03,18697,34,650,PIT_FACTS_READY
NEM,EQUITY,0001164727,UNIQUE_CURRENT_CIK,F03,2022-02-03,23166,42,705,PIT_FACTS_READY
NEM,EQUITY,0001164727,UNIQUE_CURRENT_CIK,F04,2024-02-05,27954,52,727,PIT_FACTS_READY
NFLX,EQUITY,0001065280,UNIQUE_CURRENT_CIK,F01,2018-02-01,8708,25,306,PIT_FACTS_READY
NFLX,EQUITY,0001065280,UNIQUE_CURRENT_CIK,F02,2020-02-03,11828,34,360,PIT_FACTS_READY
NFLX,EQUITY,0001065280,UNIQUE_CURRENT_CIK,F03,2022-02-03,14494,42,378,PIT_FACTS_READY
NFLX,EQUITY,0001065280,UNIQUE_CURRENT_CIK,F04,2024-02-05,17224,50,418,PIT_FACTS_READY
NKE,EQUITY,0000320187,UNIQUE_CURRENT_CIK,F01,2018-02-01,7880,25,314,PIT_FACTS_READY
NKE,EQUITY,0000320187,UNIQUE_CURRENT_CIK,F02,2020-02-03,10273,33,346,PIT_FACTS_READY
NKE,EQUITY,0000320187,UNIQUE_CURRENT_CIK,F03,2022-02-03,12622,41,356,PIT_FACTS_READY
NKE,EQUITY,0000320187,UNIQUE_CURRENT_CIK,F04,2024-02-05,14943,49,368,PIT_FACTS_READY
NVDA,EQUITY,0001045810,UNIQUE_CURRENT_CIK,F01,2018-02-01,10207,24,437,PIT_FACTS_READY
NVDA,EQUITY,0001045810,UNIQUE_CURRENT_CIK,F02,2020-02-03,13409,32,495,PIT_FACTS_READY
NVDA,EQUITY,0001045810,UNIQUE_CURRENT_CIK,F03,2022-02-03,16539,40,538,PIT_FACTS_READY
NVDA,EQUITY,0001045810,UNIQUE_CURRENT_CIK,F04,2024-02-05,19842,48,557,PIT_FACTS_READY
ORCL,EQUITY,0001341439,UNIQUE_CURRENT_CIK,F01,2018-02-01,9905,24,372,PIT_FACTS_READY
ORCL,EQUITY,0001341439,UNIQUE_CURRENT_CIK,F02,2020-02-03,12993,32,419,PIT_FACTS_READY
ORCL,EQUITY,0001341439,UNIQUE_CURRENT_CIK,F03,2022-02-03,15942,40,433,PIT_FACTS_READY
ORCL,EQUITY,0001341439,UNIQUE_CURRENT_CIK,F04,2024-02-05,18910,48,448,PIT_FACTS_READY
PEP,EQUITY,0000077476,UNIQUE_CURRENT_CIK,F01,2018-02-01,11016,25,411,PIT_FACTS_READY
PEP,EQUITY,0000077476,UNIQUE_CURRENT_CIK,F02,2020-02-03,15209,33,465,PIT_FACTS_READY
PEP,EQUITY,0000077476,UNIQUE_CURRENT_CIK,F03,2022-02-03,19328,41,514,PIT_FACTS_READY
PEP,EQUITY,0000077476,UNIQUE_CURRENT_CIK,F04,2024-02-05,23323,49,547,PIT_FACTS_READY
PG,EQUITY,0000080424,UNIQUE_CURRENT_CIK,F01,2018-02-01,10320,28,344,PIT_FACTS_READY
PG,EQUITY,0000080424,UNIQUE_CURRENT_CIK,F02,2020-02-03,13792,37,387,PIT_FACTS_READY
PG,EQUITY,0000080424,UNIQUE_CURRENT_CIK,F03,2022-02-03,17111,46,412,PIT_FACTS_READY
PG,EQUITY,0000080424,UNIQUE_CURRENT_CIK,F04,2024-02-05,19760,54,418,PIT_FACTS_READY
PLD,EQUITY,0001045609,UNIQUE_CURRENT_CIK,F01,2018-02-01,10354,24,502,PIT_FACTS_READY
PLD,EQUITY,0001045609,UNIQUE_CURRENT_CIK,F02,2020-02-03,13517,32,543,PIT_FACTS_READY
PLD,EQUITY,0001045609,UNIQUE_CURRENT_CIK,F03,2022-02-03,16442,40,552,PIT_FACTS_READY
PLD,EQUITY,0001045609,UNIQUE_CURRENT_CIK,F04,2024-02-05,19250,48,559,PIT_FACTS_READY
QQQ,ETF,,,F01,2018-02-01,0,0,0,NOT_APPLICABLE_ETF
QQQ,ETF,,,F02,2020-02-03,0,0,0,NOT_APPLICABLE_ETF
QQQ,ETF,,,F03,2022-02-03,0,0,0,NOT_APPLICABLE_ETF
QQQ,ETF,,,F04,2024-02-05,0,0,0,NOT_APPLICABLE_ETF
SHW,EQUITY,0000089800,UNIQUE_CURRENT_CIK,F01,2018-02-01,10402,24,392,PIT_FACTS_READY
SHW,EQUITY,0000089800,UNIQUE_CURRENT_CIK,F02,2020-02-03,14128,32,449,PIT_FACTS_READY
SHW,EQUITY,0000089800,UNIQUE_CURRENT_CIK,F03,2022-02-03,17756,40,482,PIT_FACTS_READY
SHW,EQUITY,0000089800,UNIQUE_CURRENT_CIK,F04,2024-02-05,21461,48,511,PIT_FACTS_READY
SLB,EQUITY,0000087347,UNIQUE_CURRENT_CIK,F01,2018-02-01,10715,25,414,PIT_FACTS_READY
SLB,EQUITY,0000087347,UNIQUE_CURRENT_CIK,F02,2020-02-03,13552,33,442,PIT_FACTS_READY
SLB,EQUITY,0000087347,UNIQUE_CURRENT_CIK,F03,2022-02-03,16248,41,462,PIT_FACTS_READY
SLB,EQUITY,0000087347,UNIQUE_CURRENT_CIK,F04,2024-02-05,18926,49,485,PIT_FACTS_READY
SO,EQUITY,0000092122,UNIQUE_CURRENT_CIK,F01,2018-02-01,8343,24,372,PIT_FACTS_READY
SO,EQUITY,0000092122,UNIQUE_CURRENT_CIK,F02,2020-02-03,12115,32,499,PIT_FACTS_READY
SO,EQUITY,0000092122,UNIQUE_CURRENT_CIK,F03,2022-02-03,15849,40,526,PIT_FACTS_READY
SO,EQUITY,0000092122,UNIQUE_CURRENT_CIK,F04,2024-02-05,19476,48,535,PIT_FACTS_READY
SPY,ETF,,,F01,2018-02-01,0,0,0,NOT_APPLICABLE_ETF
SPY,ETF,,,F02,2020-02-03,0,0,0,NOT_APPLICABLE_ETF
SPY,ETF,,,F03,2022-02-03,0,0,0,NOT_APPLICABLE_ETF
SPY,ETF,,,F04,2024-02-05,0,0,0,NOT_APPLICABLE_ETF
TMUS,EQUITY,0001283699,UNIQUE_CURRENT_CIK,F01,2018-02-01,10276,25,529,PIT_FACTS_READY
TMUS,EQUITY,0001283699,UNIQUE_CURRENT_CIK,F02,2020-02-03,14887,34,619,PIT_FACTS_READY
TMUS,EQUITY,0001283699,UNIQUE_CURRENT_CIK,F03,2022-02-03,19193,43,675,PIT_FACTS_READY
TMUS,EQUITY,0001283699,UNIQUE_CURRENT_CIK,F04,2024-02-05,23515,52,701,PIT_FACTS_READY
TSLA,EQUITY,0001318605,UNIQUE_CURRENT_CIK,F01,2018-02-01,8661,25,430,PIT_FACTS_READY
TSLA,EQUITY,0001318605,UNIQUE_CURRENT_CIK,F02,2020-02-03,12104,33,516,PIT_FACTS_READY
TSLA,EQUITY,0001318605,UNIQUE_CURRENT_CIK,F03,2022-02-03,15534,43,553,PIT_FACTS_READY
TSLA,EQUITY,0001318605,UNIQUE_CURRENT_CIK,F04,2024-02-05,19653,53,607,PIT_FACTS_READY
UNH,EQUITY,0000731766,UNIQUE_CURRENT_CIK,F01,2018-02-01,10162,24,408,PIT_FACTS_READY
UNH,EQUITY,0000731766,UNIQUE_CURRENT_CIK,F02,2020-02-03,13541,32,440,PIT_FACTS_READY
UNH,EQUITY,0000731766,UNIQUE_CURRENT_CIK,F03,2022-02-03,16862,40,454,PIT_FACTS_READY
UNH,EQUITY,0000731766,UNIQUE_CURRENT_CIK,F04,2024-02-05,20249,48,476,PIT_FACTS_READY
UNP,EQUITY,0000100885,UNIQUE_CURRENT_CIK,F01,2018-02-01,8100,24,271,PIT_FACTS_READY
UNP,EQUITY,0000100885,UNIQUE_CURRENT_CIK,F02,2020-02-03,11117,32,330,PIT_FACTS_READY
UNP,EQUITY,0000100885,UNIQUE_CURRENT_CIK,F03,2022-02-03,14310,40,347,PIT_FACTS_READY
UNP,EQUITY,0000100885,UNIQUE_CURRENT_CIK,F04,2024-02-05,17185,48,397,PIT_FACTS_READY
V,EQUITY,0001403161,UNIQUE_CURRENT_CIK,F01,2018-02-01,8145,24,442,PIT_FACTS_READY
V,EQUITY,0001403161,UNIQUE_CURRENT_CIK,F02,2020-02-03,11052,33,505,PIT_FACTS_READY
V,EQUITY,0001403161,UNIQUE_CURRENT_CIK,F03,2022-02-03,13846,41,523,PIT_FACTS_READY
V,EQUITY,0001403161,UNIQUE_CURRENT_CIK,F04,2024-02-05,16680,49,538,PIT_FACTS_READY
WMT,EQUITY,0000104169,UNIQUE_CURRENT_CIK,F01,2018-02-01,9089,25,321,PIT_FACTS_READY
WMT,EQUITY,0000104169,UNIQUE_CURRENT_CIK,F02,2020-02-03,12300,33,385,PIT_FACTS_READY
WMT,EQUITY,0000104169,UNIQUE_CURRENT_CIK,F03,2022-02-03,15253,41,420,PIT_FACTS_READY
WMT,EQUITY,0000104169,UNIQUE_CURRENT_CIK,F04,2024-02-05,18185,49,426,PIT_FACTS_READY
XLB,ETF,,,F01,2018-02-01,0,0,0,NOT_APPLICABLE_ETF
XLB,ETF,,,F02,2020-02-03,0,0,0,NOT_APPLICABLE_ETF
XLB,ETF,,,F03,2022-02-03,0,0,0,NOT_APPLICABLE_ETF
XLB,ETF,,,F04,2024-02-05,0,0,0,NOT_APPLICABLE_ETF
XLC,ETF,,,F01,2018-02-01,0,0,0,NOT_APPLICABLE_ETF
XLC,ETF,,,F02,2020-02-03,0,0,0,NOT_APPLICABLE_ETF
XLC,ETF,,,F03,2022-02-03,0,0,0,NOT_APPLICABLE_ETF
XLC,ETF,,,F04,2024-02-05,0,0,0,NOT_APPLICABLE_ETF
XLE,ETF,,,F01,2018-02-01,0,0,0,NOT_APPLICABLE_ETF
XLE,ETF,,,F02,2020-02-03,0,0,0,NOT_APPLICABLE_ETF
XLE,ETF,,,F03,2022-02-03,0,0,0,NOT_APPLICABLE_ETF
XLE,ETF,,,F04,2024-02-05,0,0,0,NOT_APPLICABLE_ETF
XLF,ETF,,,F01,2018-02-01,0,0,0,NOT_APPLICABLE_ETF
XLF,ETF,,,F02,2020-02-03,0,0,0,NOT_APPLICABLE_ETF
XLF,ETF,,,F03,2022-02-03,0,0,0,NOT_APPLICABLE_ETF
XLF,ETF,,,F04,2024-02-05,0,0,0,NOT_APPLICABLE_ETF
XLI,ETF,,,F01,2018-02-01,0,0,0,NOT_APPLICABLE_ETF
XLI,ETF,,,F02,2020-02-03,0,0,0,NOT_APPLICABLE_ETF
XLI,ETF,,,F03,2022-02-03,0,0,0,NOT_APPLICABLE_ETF
XLI,ETF,,,F04,2024-02-05,0,0,0,NOT_APPLICABLE_ETF
XLK,ETF,,,F01,2018-02-01,0,0,0,NOT_APPLICABLE_ETF
XLK,ETF,,,F02,2020-02-03,0,0,0,NOT_APPLICABLE_ETF
XLK,ETF,,,F03,2022-02-03,0,0,0,NOT_APPLICABLE_ETF
XLK,ETF,,,F04,2024-02-05,0,0,0,NOT_APPLICABLE_ETF
XLP,ETF,,,F01,2018-02-01,0,0,0,NOT_APPLICABLE_ETF
XLP,ETF,,,F02,2020-02-03,0,0,0,NOT_APPLICABLE_ETF
XLP,ETF,,,F03,2022-02-03,0,0,0,NOT_APPLICABLE_ETF
XLP,ETF,,,F04,2024-02-05,0,0,0,NOT_APPLICABLE_ETF
XLU,ETF,,,F01,2018-02-01,0,0,0,NOT_APPLICABLE_ETF
XLU,ETF,,,F02,2020-02-03,0,0,0,NOT_APPLICABLE_ETF
XLU,ETF,,,F03,2022-02-03,0,0,0,NOT_APPLICABLE_ETF
XLU,ETF,,,F04,2024-02-05,0,0,0,NOT_APPLICABLE_ETF
XLV,ETF,,,F01,2018-02-01,0,0,0,NOT_APPLICABLE_ETF
XLV,ETF,,,F02,2020-02-03,0,0,0,NOT_APPLICABLE_ETF
XLV,ETF,,,F03,2022-02-03,0,0,0,NOT_APPLICABLE_ETF
XLV,ETF,,,F04,2024-02-05,0,0,0,NOT_APPLICABLE_ETF
XLY,ETF,,,F01,2018-02-01,0,0,0,NOT_APPLICABLE_ETF
XLY,ETF,,,F02,2020-02-03,0,0,0,NOT_APPLICABLE_ETF
XLY,ETF,,,F03,2022-02-03,0,0,0,NOT_APPLICABLE_ETF
XLY,ETF,,,F04,2024-02-05,0,0,0,NOT_APPLICABLE_ETF
XOM,EQUITY,0000034088,VERIFIED_PERIOD_CIK,F01,2018-02-01,7157,24,334,PIT_FACTS_READY
XOM,EQUITY,0000034088,VERIFIED_PERIOD_CIK,F02,2020-02-03,9513,32,354,PIT_FACTS_READY
XOM,EQUITY,0000034088,VERIFIED_PERIOD_CIK,F03,2022-02-03,12047,40,386,PIT_FACTS_READY
XOM,EQUITY,0000034088,VERIFIED_PERIOD_CIK,F04,2024-02-05,14495,48,397,PIT_FACTS_READY
